groupId,artifactId,version,githubUrl
ai.djl,api,0.2.0,https://github.com/awslabs/djl
ai.h2o,h2o-core,0.1.3,https://github.com/0xdata/h2o
ai.h2o,h2o-core,0.1.3,https://github.com/0xdata/h2o
co.elastic.apm,apm-agent-parent,1.18.0,https://github.com/elastic/apm-agent-java
cn.hutool,hutool-parent,4.0.0,git@github.com:looly/hutool.git
cn.hippo4j,hippo4j-all,0.0.1,git@github.com:acmenlt/dynamic-threadpool.git
com.amazon.redshift,redshift-jdbc42,2.0.0.3,https://github.com/aws/amazon-redshift-jdbc-driver
com.amazon.redshift,redshift-jdbc42,2.0.0.3,https://github.com/aws/amazon-redshift-jdbc-driver
com.adobe.acs,acs-aem-commons,4.6.0,https://github.com/Adobe-Consulting-Services/acs-aem-commons/tree/master
cn.hippo4j,hippo4j-all,0.0.1,git@github.com:acmenlt/dynamic-threadpool.git
com.adobe.cq,core.wcm.components.core,2.2.0,https://github.com/Adobe-Marketing-Cloud/aem-core-wcm-components/tree/master/bundles/core
com.adobe.acs,acs-aem-commons,4.6.0,https://github.com/Adobe-Consulting-Services/acs-aem-commons/tree/master
com.alipay.sofa,hessian,3.3.0,http://github.com/alipay/sofa-hessian/tree/master
com.alipay.sofa,hessian,3.3.0,http://github.com/alipay/sofa-hessian/tree/master
com.amazonaws,aws-encryption-sdk-java,0.0.1,https://github.com/awslabs/aws-encryption-sdk-java.git
com.aerospike,aerospike-client,3.0.22,https://github.com/aerospike/aerospike-client-java
com.amazon.ion,ion-java,1.4.0,git@github.com:amzn/ion-java.git
com.amazonaws,aws-encryption-sdk-java,0.0.1,https://github.com/awslabs/aws-encryption-sdk-java.git
com.alibaba,fastjson,1.1.15,https://wenshao@github.com/AlibabaTech/fastjson.git
com.alibaba,fastjson,1.2.25,https://github.com/alibaba/fastjson
com.amazonaws,aws-java-sdk-s3,1.9.0,https://github.com/aws/aws-sdk-java.git
com.clickhouse,clickhouse-jdbc,0.3.2-test1,https://github.com/ClickHouse/clickhouse-jdbc/clickhouse-jdbc
com.clickhouse,clickhouse-client,0.3.2-test1,https://github.com/ClickHouse/clickhouse-jdbc/clickhouse-client
com.clever-cloud,biscuit-java,0.2.1,git@github.com:clevercloud/biscuit-java.git
com.charleskorn.kaml,kaml,0.1.0,http://github.com/charleskorn/kaml
com.clickhouse,clickhouse-r2dbc,0.4.0,https://github.com/ClickHouse/clickhouse-jdbc/clickhouse-r2dbc
com.charleskorn.kaml,kaml,0.1.0,http://github.com/charleskorn/kaml
com.bstek.ureport,ureport2-core,2.0.0,https://github.com/jacky6024/ureport2
com.bstek.ureport,ureport2-core,2.0.0,https://github.com/jacky6024/ureport2
com.bstek.ureport,ureport2-core,2.0.0,https://github.com/jacky6024/ureport2
com.bstek.ureport,ureport2-core,2.0.0,https://github.com/jacky6024/ureport2
com.bmuschko,gradle-vagrant-plugin,2.2,https://github.com/bmuschko/gradle-vagrant-plugin
com.bstek.uflo,uflo-core,2.0.0,https://github.com/youseries/uflo
com.browserup,browserup-proxy,1.1.0,https://github.com/browserup/browserup-proxy
com.cedarsoftware,json-io,2.2.25,https://github.com/jdereg/json-io
com.bstek.ureport,ureport2-console,2.0.0,https://github.com/jacky6024/ureport2
com.bstek.ureport,ureport2-console,2.0.0,https://github.com/jacky6024/ureport2
com.diffplug.spotless,spotless-maven-plugin,1.0.0.BETA1,https://github.com/diffplug/plugin-maven
com.diffplug.spotless,spotless-eclipse-wtp,3.9.5,https://github.com/diffplug/eclipse-wtp
com.datadoghq,datadog-api-client,1.0.0-beta.6,https://github.com/DataDog/datadog-api-client-java
com.cronutils,cron-utils,1.0.0,https://github.com/jmrozanec/cron-utils
com.diffplug.spotless,spotless-eclipse-cdt,9.4.3,https://github.com/diffplug/eclipse-cdt
com.cronutils,cron-utils,1.0.0,https://github.com/jmrozanec/cron-utils
com.diamondq.common,common-thirdparty.jcasbin,1.4.0,https://github.com/diamondq/osgi-thirdparty/tree/master/common-thirdparty.jcasbin
com.diffplug.gradle,goomph,0.1.0,https://github.com/diffplug/goomph
com.diffplug.spotless,spotless-plugin-gradle,3.0.0.BETA2,https://github.com/diffplug/plugin-gradle
com.ctrip.framework.apollo,apollo,1.0.0,https://github.com/ctripcorp/apollo
com.ctrip.framework.apollo,apollo,1.0.0,https://github.com/ctripcorp/apollo
com.diffplug.spotless,spotless-eclipse-groovy,2.9.2,https://github.com/diffplug/eclipse-groovy
com.ctrip.framework.apollo,apollo,1.0.0,https://github.com/ctripcorp/apollo
com.ctrip.framework.apollo,apollo,1.0.0,https://github.com/ctripcorp/apollo
com.fasterxml.jackson.dataformat,jackson-dataformat-xml,2.0.0-RC1,http://github.com/FasterXML/jackson-xml-databind
com.cosium.vet,vet,1.0,https://github.com/Cosium/vet
com.fasterxml.jackson.dataformat,jackson-dataformat-xml,2.0.0-RC1,http://github.com/FasterXML/jackson-xml-databind
com.fasterxml.util,java-merge-sort,0.6.0,http://github.com/cowtowncoder/java-merge-sort
com.fastasyncworldedit,FastAsyncWorldEdit-Core,2.0.0,https://github.com/IntellectualSites/FastAsyncWorldEdit
com.fasterxml.jackson.dataformat,jackson-dataformats-text,2.9.0.pr2,http://github.com/FasterXML/jackson-dataformats-text
com.fasterxml.jackson.datatype,jackson-datatype-jsr310,2.2.0-beta1,http://github.com/FasterXML/jackson-datatype-jsr310
com.fasterxml.jackson.core,jackson-databind,2.0.0,http://github.com/FasterXML/jackson-databind
com.fasterxml.jackson.core,jackson-databind,2.0.0,http://github.com/FasterXML/jackson-databind
com.fasterxml.jackson.core,jackson-databind,2.0.0,http://github.com/FasterXML/jackson-databind
com.fasterxml.jackson.core,jackson-databind,2.0.0,http://github.com/FasterXML/jackson-databind
com.fasterxml.jackson.core,jackson-databind,2.0.0-RC1,http://github.com/FasterXML/jackson-databind
com.fasterxml.jackson.core,jackson-databind,2.0.0,http://github.com/FasterXML/jackson-databind
com.fasterxml.jackson.core,jackson-databind,2.0.0,http://github.com/FasterXML/jackson-databind
com.fasterxml.jackson.core,jackson-databind,2.0.0,http://github.com/FasterXML/jackson-databind
com.fasterxml.jackson.core,jackson-databind,2.0.0,http://github.com/FasterXML/jackson-databind
com.fasterxml.jackson.core,jackson-databind,2.0.0,http://github.com/FasterXML/jackson-databind
com.fasterxml.jackson.core,jackson-databind,2.0.0,http://github.com/FasterXML/jackson-databind
com.fasterxml.jackson.core,jackson-databind,2.0.0-RC1,http://github.com/FasterXML/jackson-databind
com.fasterxml.jackson.core,jackson-databind,2.0.0,http://github.com/FasterXML/jackson-databind
com.fasterxml.jackson.core,jackson-databind,2.0.0,http://github.com/FasterXML/jackson-databind
com.fasterxml.jackson.core,jackson-databind,2.0.0,http://github.com/FasterXML/jackson-databind
com.fasterxml.jackson.core,jackson-databind,2.0.0-RC1,http://github.com/FasterXML/jackson-databind
com.fasterxml.jackson.core,jackson-databind,2.0.0,http://github.com/FasterXML/jackson-databind
com.fasterxml.jackson.core,jackson-databind,2.0.0,http://github.com/FasterXML/jackson-databind
com.fasterxml.jackson.core,jackson-databind,2.0.0,http://github.com/FasterXML/jackson-databind
com.fasterxml.jackson.core,jackson-databind,2.0.0,http://github.com/FasterXML/jackson-databind
com.fasterxml.jackson.core,jackson-databind,2.0.0-RC1,http://github.com/FasterXML/jackson-databind
com.fasterxml.jackson.core,jackson-databind,2.0.0-RC1,http://github.com/FasterXML/jackson-databind
com.fasterxml.jackson.core,jackson-databind,2.0.0-RC1,http://github.com/FasterXML/jackson-databind
com.fasterxml.jackson.core,jackson-databind,2.0.0-RC1,http://github.com/FasterXML/jackson-databind
com.fasterxml.jackson.core,jackson-databind,2.0.0-RC1,http://github.com/FasterXML/jackson-databind
com.fasterxml.jackson.core,jackson-databind,2.0.0,http://github.com/FasterXML/jackson-databind
com.fasterxml.jackson.core,jackson-databind,2.0.0-RC1,http://github.com/FasterXML/jackson-databind
com.fasterxml.jackson.core,jackson-databind,2.0.0,http://github.com/FasterXML/jackson-databind
com.fasterxml.jackson.core,jackson-databind,2.0.0,http://github.com/FasterXML/jackson-databind
com.fasterxml.jackson.core,jackson-databind,2.0.0-RC1,http://github.com/FasterXML/jackson-databind
com.fasterxml.jackson.core,jackson-databind,2.0.0,http://github.com/FasterXML/jackson-databind
com.fasterxml.jackson.core,jackson-databind,2.0.0,http://github.com/FasterXML/jackson-databind
com.fasterxml.jackson.core,jackson-databind,2.0.0,http://github.com/FasterXML/jackson-databind
com.fasterxml.jackson.core,jackson-databind,2.0.0,http://github.com/FasterXML/jackson-databind
com.fasterxml.jackson.core,jackson-databind,2.0.0-RC1,http://github.com/FasterXML/jackson-databind
com.fasterxml.jackson.core,jackson-databind,2.6.0,http://github.com/FasterXML/jackson-databind
com.fasterxml.jackson.core,jackson-databind,2.0.0-RC1,http://github.com/FasterXML/jackson-databind
com.fasterxml.jackson.core,jackson-databind,2.0.0,http://github.com/FasterXML/jackson-databind
com.fasterxml.jackson.core,jackson-databind,2.0.0-RC1,http://github.com/FasterXML/jackson-databind
com.fasterxml.jackson.core,jackson-databind,2.0.0,http://github.com/FasterXML/jackson-databind
com.fasterxml.jackson.core,jackson-databind,2.0.0-RC1,http://github.com/FasterXML/jackson-databind
com.fasterxml.jackson.core,jackson-databind,2.0.0-RC1,http://github.com/FasterXML/jackson-databind
com.fasterxml.jackson.core,jackson-databind,2.4.0-rc1,http://github.com/FasterXML/jackson-databind
com.fasterxml.jackson.core,jackson-databind,2.0.0,http://github.com/FasterXML/jackson-databind
com.fasterxml.jackson.core,jackson-databind,2.0.0-RC1,http://github.com/FasterXML/jackson-databind
com.fasterxml.jackson.core,jackson-databind,2.9.0.pr1,http://github.com/FasterXML/jackson-databind
com.fasterxml.jackson.core,jackson-databind,2.0.0-RC1,http://github.com/FasterXML/jackson-databind
com.fasterxml.jackson.core,jackson-databind,2.0.0,http://github.com/FasterXML/jackson-databind
com.fasterxml.jackson.core,jackson-databind,2.0.0,http://github.com/FasterXML/jackson-databind
com.fasterxml.jackson.core,jackson-databind,2.9.0.pr1,http://github.com/FasterXML/jackson-databind
com.fasterxml.jackson.core,jackson-databind,2.9.0.pr1,http://github.com/FasterXML/jackson-databind
com.fasterxml.jackson.core,jackson-databind,2.9.0.pr1,http://github.com/FasterXML/jackson-databind
com.fasterxml.jackson.core,jackson-databind,2.9.0.pr1,http://github.com/FasterXML/jackson-databind
com.fasterxml.jackson.core,jackson-databind,2.9.0.pr1,http://github.com/FasterXML/jackson-databind
com.fasterxml.jackson.core,jackson-databind,2.9.0.pr1,http://github.com/FasterXML/jackson-databind
com.fasterxml.jackson.core,jackson-databind,2.9.0.pr1,http://github.com/FasterXML/jackson-databind
com.fasterxml.jackson.core,jackson-databind,2.9.0.pr1,http://github.com/FasterXML/jackson-databind
com.fasterxml.jackson.core,jackson-databind,2.9.0.pr1,http://github.com/FasterXML/jackson-databind
com.fasterxml.jackson.core,jackson-databind,2.9.0.pr1,http://github.com/FasterXML/jackson-databind
com.fasterxml.jackson.core,jackson-databind,2.9.0.pr1,http://github.com/FasterXML/jackson-databind
com.fasterxml.jackson.core,jackson-databind,2.0.0-RC1,http://github.com/FasterXML/jackson-databind
com.fasterxml.jackson.core,jackson-databind,2.9.0.pr1,http://github.com/FasterXML/jackson-databind
com.fasterxml.jackson.core,jackson-databind,2.7.0,http://github.com/FasterXML/jackson-databind
com.fasterxml.jackson.core,jackson-databind,2.7.0,http://github.com/FasterXML/jackson-databind
com.fasterxml.jackson.core,jackson-databind,2.7.0,http://github.com/FasterXML/jackson-databind
com.fasterxml.jackson.core,jackson-databind,2.7.0,http://github.com/FasterXML/jackson-databind
com.fasterxml.jackson.core,jackson-databind,2.9.0.pr1,http://github.com/FasterXML/jackson-databind
com.fasterxml.jackson.core,jackson-databind,2.10.0.pr1,http://github.com/FasterXML/jackson-databind
com.fastasyncworldedit,FastAsyncWorldEdit-Bukkit,2.0.0,https://github.com/IntellectualSites/FastAsyncWorldEdit
com.fasterxml.jackson.core,jackson-databind,2.7.0,http://github.com/FasterXML/jackson-databind
com.fasterxml.woodstox,woodstox-core,5.0.0,https://github.com/FasterXML/woodstox
com.epam.reportportal,service-api,5.3.1,https://github.com/reportportal/service-api/tree/master
com.epam.reportportal,service-api,4.3.10,https://github.com/reportportal/service-api/tree/master
com.github.junrar,junrar,0.7,git@github.com:junrar/junrar.git
com.github.jlangch,venice,0.4.0,http://github.com:jlangch/venice/tree/master
com.epam.reportportal,service-api,5.3.1,https://github.com/reportportal/service-api/tree/master
com.github.fracpete,vfsjfilechooser2,0.2.7,https://github.com/fracpete/vfsjfilechooser2
com.github.kevinsawicki,http-request,0.1,https://github.com/kevinsawicki/http-request
com.github.junrar,junrar,0.7,git@github.com:junrar/junrar.git
com.github.kfcfans,powerjob,1.0.0,https://github.com/KFCFans/OhMyScheduler
com.github.penggle,kaptcha,2.3.2,scm:git@github.com:penggle/kaptcha.git
com.glazedlists,glazedlists,1.11.0,https://github.com/glazedlists/glazedlists
com.github,hyavijava,1.0.0,https://github.com/hyavijava/hyavijava
com.github.samtools,htsjdk,1.128,git@github.com:samtools/htsjdk.git
com.github.pagehelper,pagehelper,3.5.0,git@github.com:pagehelper/Mybatis-PageHelper.git
com.github.tomakehurst,wiremock-jre8-standalone,2.21.0,https://tomakehurst@github.com/tomakehurst/wiremock.git
com.github.tomakehurst,wiremock-jre8,2.21.0,https://tomakehurst@github.com/tomakehurst/wiremock.git
com.google.cloud.tools,jib-core,0.1.0,https://github.com/GoogleContainerTools/jib
com.github.wxpay,wxpay-sdk,0.0.1,https://github.com/wxpay/WXPay-SDK-Java
com.h2database,h2,1.4.198,https://github.com/h2database/h2database
com.h2database,h2,1.4.198,https://github.com/h2database/h2database
com.hubspot.jinjava,jinjava,1.0.0,git@github.com:HubSpot/jinjava.git
com.googlecode.wicket-jquery-ui,wicket-jquery-ui-parent,6.7.0,git@github.com:sebfz1/wicket-jquery-ui.git
com.googlecode.wicket-jquery-ui,wicket-jquery-ui-parent,6.7.0,git@github.com:sebfz1/wicket-jquery-ui.git
com.hubspot.jinjava,jinjava,1.0.0,git@github.com:HubSpot/jinjava.git
com.ibeetl,beetl,2.2.5,https://github.com/javamonkey/beetl2.0.git
com.google.protobuf,protobuf-parent,3.0.0-beta-3,https://github.com/google/protobuf
com.googlecode.aviator,aviator,5.2.1,git@github.com:killme2008/aviator.git
com.graphql-java,graphql-java,1.2,https://github.com/andimarek/graphql-java
com.graphql-java,graphql-java,1.2,https://github.com/andimarek/graphql-java
com.graphql-java,graphql-java,1.2,https://github.com/andimarek/graphql-java
com.jfinal,jfinal,1.4.0,git@github.com:jfinal/jfinal.git
com.jason-goodwin,authentikat-jwt_2.12,0.4.4,git@github.com:jasongoodwin/authentikat-jwt.git
com.jfinal,jfinal,1.4.0,git@github.com:jfinal/jfinal.git
com.jfinal,jfinal,1.4.0,git@github.com:jfinal/jfinal.git
com.jfinal,jfinal,1.4.0,git@github.com:jfinal/jfinal.git
com.jfinal,jfinal,1.4.0,git@github.com:jfinal/jfinal.git
com.jfinal,jfinal,1.4.0,git@github.com:jfinal/jfinal.git
com.jfinal,jfinal,1.4.0,git@github.com:jfinal/jfinal.git
com.jfinal,jfinal,1.4.0,git@github.com:jfinal/jfinal.git
com.jfinal,jfinal,1.4.0,git@github.com:jfinal/jfinal.git
com.jfinal,jfinal,1.4.0,git@github.com:jfinal/jfinal.git
com.jfinal,jfinal,1.4.0,git@github.com:jfinal/jfinal.git
com.jfinal,jfinal,1.4.0,git@github.com:jfinal/jfinal.git
com.jfinal,jfinal,1.4.0,git@github.com:jfinal/jfinal.git
com.jfinal,jfinal,1.4.0,git@github.com:jfinal/jfinal.git
com.jfinal,jfinal,1.4.0,git@github.com:jfinal/jfinal.git
com.jfinal,jfinal,1.4.0,git@github.com:jfinal/jfinal.git
com.jfinal,jfinal,1.4.0,git@github.com:jfinal/jfinal.git
com.jfinal,jfinal,1.4.0,git@github.com:jfinal/jfinal.git
com.jfinal,jfinal,1.4.0,git@github.com:jfinal/jfinal.git
com.jfinal,jfinal,1.4.0,git@github.com:jfinal/jfinal.git
com.jfinal,jfinal,1.4.0,git@github.com:jfinal/jfinal.git
com.jfinal,jfinal,1.4.0,git@github.com:jfinal/jfinal.git
com.jfinal,jfinal,1.4.0,git@github.com:jfinal/jfinal.git
com.jfinal,jfinal,1.4.0,git@github.com:jfinal/jfinal.git
com.jfinal,jfinal,1.4.0,git@github.com:jfinal/jfinal.git
com.jfinal,jfinal,1.4.0,git@github.com:jfinal/jfinal.git
com.jfinal,jfinal,1.4.0,git@github.com:jfinal/jfinal.git
com.jfinal,jfinal,1.4.0,git@github.com:jfinal/jfinal.git
com.jfinal,jfinal,1.4.0,git@github.com:jfinal/jfinal.git
com.jfinal,jfinal,1.4.0,git@github.com:jfinal/jfinal.git
com.jfinal,jfinal,1.4.0,git@github.com:jfinal/jfinal.git
com.jfinal,jfinal,1.4.0,git@github.com:jfinal/jfinal.git
com.jfinal,jfinal,1.4.0,git@github.com:jfinal/jfinal.git
com.jfinal,jfinal,1.4.0,git@github.com:jfinal/jfinal.git
com.jfinal,jfinal,1.4.0,git@github.com:jfinal/jfinal.git
com.jfinal,jfinal,1.4.0,git@github.com:jfinal/jfinal.git
com.jayway.jsonpath,json-path,2.2.0,scm:git:git://github.com/jayway/JsonPath.git
com.liferay,com.liferay.sass.compiler.jsass,1.0.1,http://github.com/liferay/liferay-portal
com.liferay.portal,release.portal.bom,7.3.3,https://github.com/liferay/liferay-portal
com.liferay.portal,release.portal.bom,7.4.3.18,https://github.com/liferay/liferay-portal
com.liferay.portal,release.portal.bom,7.4.3.41,https://github.com/liferay/liferay-portal
com.liferay.portal,release.portal.bom,7.4.3.48,https://github.com/liferay/liferay-portal
com.liferay.portal,release.portal.bom,7.4.3.4,https://github.com/liferay/liferay-portal
com.liferay.portal,release.portal.bom,7.4.3.8,https://github.com/liferay/liferay-portal
com.liferay.portal,release.portal.bom,7.3.4,https://github.com/liferay/liferay-portal
com.liferay.portal,release.portal.bom,7.4.3.44,https://github.com/liferay/liferay-portal
com.liferay.portal,release.portal.bom,7.2.0,https://github.com/liferay/liferay-portal
com.liferay.portal,release.portal.bom,7.4.3.21-ga21,https://github.com/liferay/liferay-portal
com.liferay.portal,release.portal.bom,7.4.0,https://github.com/liferay/liferay-portal
com.liferay.portal,release.portal.bom,7.1.0,https://github.com/liferay/liferay-portal
com.liferay.portal,release.portal.bom,7.3.5,https://github.com/liferay/liferay-portal
com.liferay.portal,release.portal.bom,7.1.0,https://github.com/liferay/liferay-portal
com.liferay.portal,release.portal.bom,7.1.0,https://github.com/liferay/liferay-portal
com.liferay.portal,release.portal.bom,7.1.0,https://github.com/liferay/liferay-portal
com.liferay.portal,release.portal.bom,7.2.0,https://github.com/liferay/liferay-portal
com.liferay.portal,release.portal.bom,7.2.0,https://github.com/liferay/liferay-portal
com.liferay.portal,release.portal.bom,7.1.0,https://github.com/liferay/liferay-portal
com.liferay.portal,release.portal.bom,7.1.0,https://github.com/liferay/liferay-portal
com.liferay.portal,release.portal.bom,7.1.0,https://github.com/liferay/liferay-portal
com.liferay.portal,release.portal.bom,7.1.0,https://github.com/liferay/liferay-portal
com.liferay.portal,release.portal.bom,7.3.3,https://github.com/liferay/liferay-portal
com.liferay.portal,release.portal.bom,7.1.0,https://github.com/liferay/liferay-portal
com.liferay.portal,release.portal.bom,7.2.0,https://github.com/liferay/liferay-portal
com.liferay.portal,release.portal.bom,7.1.0,https://github.com/liferay/liferay-portal
com.liferay.portal,release.portal.bom,7.3.3,https://github.com/liferay/liferay-portal
com.liferay.portal,release.portal.bom,7.3.2,https://github.com/liferay/liferay-portal
com.liferay.portal,release.portal.bom,7.3.2,https://github.com/liferay/liferay-portal
com.liferay.portal,release.portal.bom,7.4.1,https://github.com/liferay/liferay-portal
com.liferay.portal,release.portal.bom,7.1.0,https://github.com/liferay/liferay-portal
com.liferay.portal,release.portal.bom,7.3.1,https://github.com/liferay/liferay-portal
com.liferay.portal,release.portal.bom,7.2.0,https://github.com/liferay/liferay-portal
com.liferay.portal,release.portal.bom,7.1.0,https://github.com/liferay/liferay-portal
com.liferay.portal,release.portal.bom,7.1.0,https://github.com/liferay/liferay-portal
com.liferay.portal,release.portal.bom,7.1.0,https://github.com/liferay/liferay-portal
com.liferay.portal,release.portal.bom,7.2.0,https://github.com/liferay/liferay-portal
com.liferay.portal,release.portal.bom,7.1.0,https://github.com/liferay/liferay-portal
com.liferay.portal,release.portal.bom,7.2.0,https://github.com/liferay/liferay-portal
com.liferay.portal,release.portal.bom,7.4.3.5,https://github.com/liferay/liferay-portal
com.liferay.portal,com.liferay.portal.kernel,1.0.0,http://github.com/liferay/liferay-portal
com.liferay.portal,release.portal.bom,7.3.0,https://github.com/liferay/liferay-portal
com.liferay.portal,release.portal.bom,7.4.3.4,https://github.com/liferay/liferay-portal
com.liferay.portal,release.portal.bom,7.4.3.5,https://github.com/liferay/liferay-portal
com.liferay.portal,release.portal.bom,7.4.3.67,https://github.com/liferay/liferay-portal
com.liferay.portal,release.portal.bom,7.4.3.94,https://github.com/liferay/liferay-portal
com.liferay.portal,release.portal.bom,7.4.3.50,https://github.com/liferay/liferay-portal
com.liferay,com.liferay.portal.tools.bundle.support,3.2.7,http://github.com/liferay/liferay-portal
com.liferay.portal,release.dxp.bom,7.2.10,https://github.com/liferay/liferay-portal-ee
com.liferay.portal,release.dxp.bom,7.1.10,https://github.com/liferay/liferay-portal-ee
com.liferay.portal,release.dxp.bom,7.3.10.ep3,https://github.com/liferay/liferay-portal
com.liferay.portal,release.dxp.bom,7.1.10,https://github.com/liferay/liferay-portal-ee
com.liferay.portal,release.dxp.bom,7.4.13.u18,https://github.com/liferay/liferay-portal
com.liferay.portal,release.dxp.bom,7.4.13.u4,https://github.com/liferay/liferay-portal
com.liferay.portal,release.dxp.bom,7.4.13.u44,https://github.com/liferay/liferay-portal
com.liferay.portal,release.dxp.bom,7.2.10,https://github.com/liferay/liferay-portal-ee
com.liferay.portal,release.dxp.bom,7.2.10,https://github.com/liferay/liferay-portal-ee
com.liferay.portal,release.dxp.bom,7.2.10,https://github.com/liferay/liferay-portal-ee
com.liferay.portal,release.dxp.bom,7.2.10,https://github.com/liferay/liferay-portal-ee
com.liferay.portal,release.dxp.bom,7.2.10,https://github.com/liferay/liferay-portal-ee
com.liferay.portal,release.dxp.bom,7.2.10,https://github.com/liferay/liferay-portal-ee
com.liferay.portal,release.dxp.bom,7.2.10,https://github.com/liferay/liferay-portal-ee
com.liferay.portal,release.dxp.bom,7.2.10,https://github.com/liferay/liferay-portal-ee
com.linecorp.armeria,armeria-saml,0.69.0,https://github.com/line/armeria
com.liferay.portal,release.dxp.bom,7.2.10,https://github.com/liferay/liferay-portal-ee
com.liferay.portal,release.dxp.bom,7.2.10,https://github.com/liferay/liferay-portal-ee
com.microsoft.commondatamodel,objectmodel,1.0.6,http://github.com/Microsoft/CDM
com.liferay.portal,release.dxp.bom,7.2.10,https://github.com/liferay/liferay-portal-ee
com.mchange,c3p0,0.9.2-pre2-RELEASE,scm:git:git@github.com:swaldman/c3p0.git
com.mchange,c3p0,0.9.2-pre2-RELEASE,scm:git:git@github.com:swaldman/c3p0.git
com.microsoft.azure,msal4j,1.14.4-beta,https://github.com/AzureAD/microsoft-authentication-library-for-java
com.linecorp.armeria,armeria,1.12.0,https://github.com/line/armeria
com.linecorp.armeria,armeria,0.4.0.Final,scm:git:https://github.com/line/armeria.git
com.linecorp.armeria,armeria,0.50.0,https://github.com/line/armeria
com.linecorp.centraldogma,centraldogma-server,0.17.0,https://github.com/line/centraldogma
com.mapbox.mapboxsdk,mapbox-android-core,0.1.0,https://github.com/mapbox/mapbox-events-android
com.nablarch.framework,nablarch-fw-web,1.2.2,https://github.com/nablarch/workspace/tree/master
com.monitorjbl,xlsx-streamer,0.2.3,https://github.com/monitorjbl/excel-streaming-reader.git
com.ning,async-http-client,1.0.0,scm:git:git@github.com:ning/async-http-client.git
com.ning,async-http-client,1.0.0,scm:git:git@github.com:ning/async-http-client.git
com.neovisionaries,nv-websocket-client,1.0,git@github.com:TakahikoKawasaki/nv-websocket-client.git
com.netflix.conductor,conductor-core,0.0.4,https://github.com/Netflix/conductor.git
com.mysql,mysql-connector-j,8.0.31,https://github.com/mysql/mysql-connector-j
com.netflix.hollow,hollow,2.0.0,https://github.com/Netflix/hollow.git
com.nepxion,discovery,1.0.0,https://github.com/Nepxion/Discovery
com.nepxion,discovery,1.0.0,https://github.com/Nepxion/Discovery
com.netflix.priam,priam,1.1.20,scm:git:git@github.com:Netflix/Priam.git
com.netflix.genie,genie-web,0.20,scm:git:git@github.com:Netflix/genie.git
com.networknt,light-oauth2,1.2.4,https://github.com:networknt/light-oauth2.git
com.progsbase.libraries,JSON,0.3.7,https://github.com/InductiveComputerScience/JSON
com.predic8,soa-model-core,1.5.0,https://github.com/membrane/soa-model
com.predic8,soa-model-parent,1.5.4,https://github.com/membrane/soa-model
com.pubnub,pubnub-kotlin,4.0.0,https://github.com/pubnub/kotlin
com.rabbitmq.jms,rabbitmq-jms,1.4.7,https://github.com/rabbitmq/rabbitmq-jms-client
com.pubnub,pubnub,3.4,https://github.com/pubnub/java
com.softwaremill.akka-http-session,core_2.12,0.3.0,git@github.com/softwaremill/akka-http-session.git
com.softwaremill.akka-http-session,core_2.11,0.2.0,scm:git:git@github.com/softwaremill/akka-http-session.git
com.softwaremill.akka-http-session,core_2.12,0.3.0,git@github.com/softwaremill/akka-http-session.git
com.sparkjava,spark-core,1.0,scm:git:git@github.com:perwendel/spark.git
com.squareup,connect,2.0.2,https://github.com/square/connect-java-sdk/
com.softwaremill.akka-http-session,core_2.13,0.5.7,https://github.com/softwaremill/core
com.sparkjava,spark-core,1.0,scm:git:git@github.com:perwendel/spark.git
com.sonyericsson.hudson.plugins.gerrit,gerrit-trigger,2.0,http://github.com/hudson/gerrit-trigger-plugin
com.sonyericsson.hudson.plugins.gerrit,gerrit-trigger,2.0,http://github.com/hudson/gerrit-trigger-plugin
com.sonyericsson.hudson.plugins.gerrit,gerrit-trigger,2.0,http://github.com/hudson/gerrit-trigger-plugin
com.sonyericsson.hudson.plugins.gerrit,gerrit-trigger,2.0,http://github.com/hudson/gerrit-trigger-plugin
com.sonyericsson.hudson.plugins.gerrit,gerrit-trigger,2.0,http://github.com/hudson/gerrit-trigger-plugin
com.sonyericsson.hudson.plugins.gerrit,gerrit-trigger,2.0,http://github.com/hudson/gerrit-trigger-plugin
com.squareup.okio,okio-jvm,3.0.0-alpha.10,https://github.com/square/okio/
com.typesafe.akka,akka-stream-kafka,0.11-M1,git@github.com:akka/reactive-kafka.git
com.usthe.sureness,sureness-core,0.0.1,https://github.com/tomsun28/sureness
com.vaadin,vaadin-server,7.4.0,https://github.com/vaadin/vaadin
com.typesafe.akka,akka-actor_2.12,2.5.0,git://github.com/akka/akka.git
com.typesafe.play,play-ws_2.12,2.6.0-M1,https://github.com/playframework/playframework
com.webauthn4j,webauthn4j-spring-security-core,0.7.0.RELEASE,https://github.com/webauthn4j/webauthn4j-spring-security
com.typesafe.akka,akka-actor_2.11,2.5.0,git://github.com/akka/akka.git
com.typesafe.akka,akka-http-core_2.12,10.0.0-RC2,https://github.com/akka/akka-http
com.typesafe.akka,akka-http-core_2.12,10.0.0-RC2,https://github.com/akka/akka-http
com.typesafe.akka,akka-http-core_2.12,10.1.0,https://github.com/akka/akka-http
com.typesafe.akka,akka-http-core,3.0.0-RC1,https://github.com/akka/akka-http
com.typesafe.play,play_2.12,2.6.0-M1,https://github.com/playframework/playframework
com.typesafe.play,play_2.13,2.8.3,https://github.com/playframework/playframework
com.typesafe.play,play_2.12,2.6.0-M1,https://github.com/playframework/playframework
com.typesafe.akka,akka-http-core,3.0.0-RC1,https://github.com/akka/akka-http
com.typesafe.play,play_2.12,2.6.12,https://github.com/playframework/playframework
com.typesafe.play,play_2.13,2.7.3,https://github.com/playframework/playframework
com.typesafe.play,play_2.12,2.8.3,https://github.com/playframework/playframework
com.typesafe.akka,akka-http-core_2.11,2.4.2-RC1,git://github.com/akka/akka.git
com.upokecenter,cbor,4.0.0,https://github.com/peteroupc/CBOR-Java
com.typesafe.akka,akka-http-core_2.11,10.1.0,https://github.com/akka/akka-http
com.typesafe.akka,akka-http-core_2.11,2.4.2-RC1,git://github.com/akka/akka.git
com.twitter,twitter-server_2.12,1.26.0,git@github.com:twitter/twitter-server.git
com.wix,wix-embedded-mysql,1.0.0,git@github.com:wix/wix-embedded-mysql.git
com.typesafe.akka,akka-http-core_2.13,10.1.8,https://github.com/akka/akka-http
com.vaadin,vaadin-bom,7.4.0,https://github.com/vaadin/vaadin
com.vaadin,vaadin-bom,7.4.0,https://github.com/vaadin/vaadin
com.vaadin,vaadin-bom,7.4.0,https://github.com/vaadin/vaadin
de.codecentric,spring-boot-admin,1.0.2,https://github.com/codecentric/spring-boot-admin
com.zaxxer,nuprocess,1.2.0,git@github.com:brettwooldridge/NuProcess.git
com.yahoo.elide,elide-core,1.0.0.1,https://github.com/yahoo/elide.git
com.yahoo.elide,elide-datastore-aggregation,6.1.3,https://github.com/yahoo/elide.git
com.xuxueli,xxl-job,1.4.1,https://github.com/xuxueli/xxl-job.git
com.xuxueli,xxl-job,1.4.1,https://github.com/xuxueli/xxl-job.git
com.xuxueli,xxl-job,1.4.1,https://github.com/xuxueli/xxl-job.git
com.xuxueli,xxl-job,1.4.1,https://github.com/xuxueli/xxl-job.git
com.xuxueli,xxl-job,1.4.1,https://github.com/xuxueli/xxl-job.git
com.xuxueli,xxl-job,1.4.1,https://github.com/xuxueli/xxl-job.git
com.xuxueli,xxl-job,1.4.1,https://github.com/xuxueli/xxl-job.git
com.xuxueli,xxl-job,1.4.1,https://github.com/xuxueli/xxl-job.git
com.xuxueli,xxl-job,1.4.1,https://github.com/xuxueli/xxl-job.git
com.xuxueli,xxl-job,2.2.0,https://github.com/xuxueli/xxl-job.git
de.grobmeier.json,jjson,0.1.2,https://github.com/grobmeier/jjson
de.ipb-halle,molecularfaces,0.2.0,https://github.com/ipb-halle/MolecularFaces.git
com.xuxueli,xxl-job,1.4.1,https://github.com/xuxueli/xxl-job.git
de.tum.in.ase,artemis-java-test-sandbox,1.0.0,https://github.com/ls1intum/artemis-java-test-sandbox
de.tum.in.ase,artemis-java-test-sandbox,1.0.0,https://github.com/ls1intum/artemis-java-test-sandbox
de.tum.in.ase,artemis-java-test-sandbox,1.0.0,https://github.com/ls1intum/artemis-java-test-sandbox
edu.gemini,gsp-graphql-core_native0.4_3,0.13.0,https://github.com/gemini-hlsw/gsp-graphql
edu.gemini,gsp-graphql-core_native0.4_2.13,0.13.0,https://github.com/gemini-hlsw/gsp-graphql
edu.gemini,gsp-graphql-core_sjs1_3,0.13.0,https://github.com/gemini-hlsw/gsp-graphql
edu.gemini,gsp-graphql-core_sjs1_2.13,0.13.0,https://github.com/gemini-hlsw/gsp-graphql
edu.gemini,gsp-graphql-core_2.13,0.0.1,https://github.com/gemini-hlsw/gsp-graphql
eu.hinsch,spring-boot-actuator-logview,0.1.0,scm:git@github.com:lukashinsch/spring-boot-actuator-logview.git
edu.gemini,gsp-graphql-core_3,0.0.47,https://github.com/gemini-hlsw/gsp-graphql
fish.payara.api,payara-bom,5.194,scm:git:git@github.com:payara/payara.git/api-parent/payara-bom
io.arrow-kt,arrow-ank-gradle,0.8.0,https://github.com/arrow-kt/arrow/
fr.turri,aXMLRPC,1.8.2,https://github.com/gturri/aXMLRPC
io.airlift,aircompressor,0.3,http://github.com/airlift/aircompressor/tree/master
io.antmedia,ant-media-server,1.2.0,https://github.com/ant-media/Ant-Media-Server.git
io.antmedia,ant-media-server,2.6.0,https://github.com/ant-media/Ant-Media-Server.git
io.fusionauth,fusionauth-java-client,1.37.0,https://github.com/FusionAuth/fusionauth-java-client
io.digdag,digdag-server,0.10.0,https://github.com/treasure-data/digdag
io.github.javaezlib,JavaEZ,1.6,https://github.com/JavaEZLib/JavaEZ
io.github.classgraph,classgraph,4.0.0-beta-11,https://github.com/classgraph/classgraph
io.github.karlatemp,unsafe-accessor,1.4.0,https://github.com/Karlatemp/UnsafeAccessor
io.github.microcks,microcks,0.1.3,http://github.com/microcks/microcks/
io.github.talelin,lin-cms-core,0.0.1-RC1,https://github.com/TaleLin/lin-cms-java-core
io.github.skylot,jadx-plugins-api,1.3.1,https://github.com/skylot/jadx
io.github.talelin,lin-cms-core,0.0.1-RC1,https://github.com/TaleLin/lin-cms-java-core
io.github.skylot,jadx-core,1.3.1,https://github.com/skylot/jadx
io.gitlab.arturbosch.detekt,detekt-core,1.0.0.RC7-3,https://github.com/arturbosch/detekt
io.grpc,grpc-protobuf,0.7.0,https://github.com/grpc/grpc-java
io.grpc,grpc-protobuf,0.7.0,https://github.com/grpc/grpc-java
io.grpc,grpc-protobuf,0.7.0,https://github.com/grpc/grpc-java
io.hawt,project,1.0,git@github.com:hawtio/hawtio.git
io.hawt,project,1.0,git@github.com:hawtio/hawtio.git
io.hawt,project,1.0,git@github.com:hawtio/hawtio.git
io.hawt,project,1.0,git@github.com:hawtio/hawtio.git
io.gravitee.apim,gravitee-api-management,3.8.6,https://github.com/gravitee-io/gravitee-api-management
io.kubernetes,client-java,0.1,https://github.com/kubernetes-client/java
io.kubernetes,client-java,0.1,https://github.com/kubernetes-client/java
io.ktor,ktor,1.0.0-rc,https://github.com/ktorio/ktor.git
io.micronaut,micronaut-http-server-tck,3.8.0,scm:git@github.com:micronaut-projects/micronaut-core.git
io.ktor,ktor,1.0.0-rc,https://github.com/ktorio/ktor.git
io.micronaut.security,micronaut-security-oauth2,3.1.0,scm:git@github.com:micronaut-projects/micronaut-security.git
io.micronaut,micronaut-http-client,1.0.0.RC3,scm:git@github.com:micronaut-projects/micronaut-core.git
io.micronaut,micronaut-http-server-netty,1.0.0.RC3,scm:git@github.com:micronaut-projects/micronaut-core.git
io.ktor,ktor-client-cio,1.0.0-rc,https://github.com/ktorio/ktor.git
io.netty,netty-parent,4.0.0.Final,https://github.com/netty/netty
io.micronaut,micronaut-http-server,1.0.0.RC3,scm:git@github.com:micronaut-projects/micronaut-core.git
io.micronaut,micronaut-http-server-netty,1.0.0.RC3,scm:git@github.com:micronaut-projects/micronaut-core.git
io.micronaut,micronaut-http,1.0.0.RC3,scm:git@github.com:micronaut-projects/micronaut-core.git
io.ktor,ktor-client-core,1.0.0-rc,https://github.com/ktorio/ktor.git
io.ktor,ktor-server-cio,1.0.0-rc,https://github.com/ktorio/ktor.git
io.netty,netty,3.3.0.Final,https://github.com/netty/netty
io.netty,netty,3.3.0.Final,https://github.com/netty/netty
io.netty,netty,3.3.0.Final,https://github.com/netty/netty
io.netty,netty,3.3.0.Final,https://github.com/netty/netty
io.netty,netty,3.3.0.Final,https://github.com/netty/netty
io.netty,netty,3.3.0.Final,https://github.com/netty/netty
io.netty,netty,3.3.0.Final,https://github.com/netty/netty
io.projectreactor.netty,reactor-netty,0.8.0.RELEASE,https://github.com/reactor/reactor-netty
io.ratpack,ratpack-core,0.9.0,https://github.com/ratpack/ratpack
io.ratpack,ratpack-core,0.9.0,https://github.com/ratpack/ratpack
io.netty,netty,3.3.0.Final,https://github.com/netty/netty
io.ratpack,ratpack-core,0.9.0,https://github.com/ratpack/ratpack
io.projectreactor.netty,reactor-netty-http,1.0.0,https://github.com/reactor/reactor-netty
io.ratpack,ratpack-core,0.9.0,https://github.com/ratpack/ratpack
io.projectreactor.netty,reactor-netty-http,1.0.11,https://github.com/reactor/reactor-netty
io.pivotal.spring.cloud,spring-cloud-sso-connector,2.1.2.RELEASE,https://github.com/pivotal-cf/spring-cloud-sso-connector/
io.pebbletemplates,pebble,2.5.0,https://github.com/PebbleTemplates/pebble.git
io.projectreactor.netty,reactor-netty-core,1.0.0,https://github.com/reactor/reactor-netty
io.ratpack,ratpack-session,0.9.0,https://github.com/ratpack/ratpack
io.pebbletemplates,pebble-project,3.0.0,https://github.com/PebbleTemplates/pebble.git
io.ratpack,ratpack-session,0.9.0,https://github.com/ratpack/ratpack
io.ratpack,ratpack-session,0.9.0,https://github.com/ratpack/ratpack
io.ratpack,ratpack-groovy,0.9.0,https://github.com/ratpack/ratpack
io.quarkus,quarkus-project,3.1.0.Final,https://github.com/quarkusio/quarkus
io.spray,spray-json_2.10,1.2.5,git://github.com/spray/spray-json.git
io.spray,spray-json_2.10,1.2.5,git://github.com/spray/spray-json.git
io.springfox,springfox-swagger-ui,2.0.1,scm:git:git@github.com:springfox/springfox.git
io.strimzi,strimzi,0.9.0,https://github.com/strimzi/strimzi-kafka-operator
io.spray,spray-json_2.12,1.3.2,git://github.com/spray/spray.git
io.undertow,undertow-parent,1.0.0.Alpha1,https://github.com/undertow-io/undertow
io.spray,spray-json_2.12,1.3.2,git://github.com/spray/spray.git
io.spray,spray-json_2.11,1.2.6,git://github.com/spray/spray.git
io.spray,spray-json_2.11,1.2.6,git://github.com/spray/spray.git
io.socket,socket.io-client,0.6.1,https://github.com/socketio/socket.io-client-java
io.vertx,vertx-core,3.0.0-dev_preview1,git@github.com:eclipse/vert.x.git
io.vertx,vertx-core,3.0.0-dev_preview1,git@github.com:eclipse/vert.x.git
io.vertx,vertx-core,3.5.0,git@github.com:eclipse/vert.x.git
io.vertx,vertx-core,4.4.5,git@github.com:eclipse/vert.x.git
io.vertx,vertx-core,4.3.4,git@github.com:eclipse/vert.x.git
junit,junit,4.7,http://github.com/KentBeck/junit/tree/master
io.whitesource,curekit,1.0.1,https://github.com/whitesource/curekit/
ml.combust.mleap,mleap-runtime_2.12,0.14.0,https://github.com/combust/mleap.git
mysql,mysql-connector-java,8.0.7-dmr,https://github.com/mysql/mysql-connector-j
ml.shifu,shifu,0.10.0,https://github.com/shifuml/shifu.git
net.mingsoft,ms-basic,1.0.0,https://github.com/ming-soft/ms-basic
net.mingsoft,ms-basic,1.0.0,https://github.com/ming-soft/ms-basic
net.opentsdb,opentsdb,2.2.0RC1,https://github.com/OpenTSDB/opentsdb
net.opentsdb,opentsdb,2.2.0RC1,https://github.com/OpenTSDB/opentsdb
net.opentsdb,opentsdb,2.2.0RC1,https://github.com/OpenTSDB/opentsdb
net.opentsdb,opentsdb,2.2.0RC1,https://github.com/OpenTSDB/opentsdb
net.opentsdb,opentsdb,2.2.0RC1,https://github.com/OpenTSDB/opentsdb
net.opentsdb,opentsdb,2.2.0RC1,https://github.com/OpenTSDB/opentsdb
net.opentsdb,opentsdb,2.2.0RC1,https://github.com/OpenTSDB/opentsdb
net.pwall.json,jsonutil,2.0,https://github.com/pwall567/jsonutil.git
net.mingsoft,ms-mcms,4.6.3-SNAPSHOTS,https://github.com/ming-soft/mcms
net.mingsoft,ms-mcms,4.6.3-SNAPSHOTS,https://github.com/ming-soft/mcms
net.mingsoft,ms-mcms,4.6.3-SNAPSHOTS,https://github.com/ming-soft/mcms
net.mingsoft,ms-mcms,4.6.3-SNAPSHOTS,https://github.com/ming-soft/mcms
net.mingsoft,ms-mcms,4.6.3-SNAPSHOTS,https://github.com/ming-soft/mcms
net.mingsoft,ms-mcms,4.6.3-SNAPSHOTS,https://github.com/ming-soft/mcms
net.mingsoft,ms-mcms,4.6.3-SNAPSHOTS,https://github.com/ming-soft/mcms
net.mingsoft,ms-mcms,4.6.3-SNAPSHOTS,https://github.com/ming-soft/mcms
net.mingsoft,ms-mcms,4.6.3-SNAPSHOTS,https://github.com/ming-soft/mcms
net.mingsoft,ms-mcms,4.6.3-SNAPSHOTS,https://github.com/ming-soft/mcms
net.mingsoft,ms-mcms,4.6.3-SNAPSHOTS,https://github.com/ming-soft/mcms
net.mingsoft,ms-mcms,4.6.3-SNAPSHOTS,https://github.com/ming-soft/mcms
net.mingsoft,ms-mcms,4.6.3-SNAPSHOTS,https://github.com/ming-soft/mcms
net.mingsoft,ms-mcms,4.6.3-SNAPSHOTS,https://github.com/ming-soft/mcms
net.mingsoft,ms-mcms,4.6.3-SNAPSHOTS,https://github.com/ming-soft/mcms
net.mingsoft,ms-mcms,4.6.3-SNAPSHOTS,https://github.com/ming-soft/mcms
net.mingsoft,ms-mcms,4.6.3-SNAPSHOTS,https://github.com/ming-soft/mcms
net.mingsoft,ms-mcms,4.6.3-SNAPSHOTS,https://github.com/ming-soft/mcms
net.mingsoft,ms-mcms,4.6.3-SNAPSHOTS,https://github.com/ming-soft/mcms
net.mingsoft,ms-mcms,4.6.3-SNAPSHOTS,https://github.com/ming-soft/mcms
net.mingsoft,ms-mcms,4.6.3-SNAPSHOTS,https://github.com/ming-soft/mcms
net.mingsoft,ms-mcms,4.6.3-SNAPSHOTS,https://github.com/ming-soft/mcms
net.mingsoft,ms-mcms,4.6.3-SNAPSHOTS,https://github.com/ming-soft/mcms
net.mingsoft,ms-mcms,4.6.3-SNAPSHOTS,https://github.com/ming-soft/mcms
net.mingsoft,ms-mcms,4.6.3-SNAPSHOTS,https://github.com/ming-soft/mcms
net.mingsoft,ms-mcms,4.6.3-SNAPSHOTS,https://github.com/ming-soft/mcms
net.mingsoft,ms-mcms,4.6.3-SNAPSHOTS,https://github.com/ming-soft/mcms
net.mingsoft,ms-mcms,4.6.3-SNAPSHOTS,https://github.com/ming-soft/mcms
net.mingsoft,ms-mcms,4.6.3-SNAPSHOTS,https://github.com/ming-soft/mcms
net.mingsoft,ms-mcms,4.6.3-SNAPSHOTS,https://github.com/ming-soft/mcms
net.mingsoft,ms-mcms,4.6.3-SNAPSHOTS,https://github.com/ming-soft/mcms
net.mingsoft,ms-mcms,4.6.3-SNAPSHOTS,https://github.com/ming-soft/mcms
net.mingsoft,ms-mcms,4.6.3-SNAPSHOTS,https://github.com/ming-soft/mcms
net.mingsoft,ms-mcms,4.6.3-SNAPSHOTS,https://github.com/ming-soft/mcms
nl.basjes.parse.useragent,yauaa-snowflake,7.0.0,https://github.com/nielsbasjes/yauaa
net.sourceforge.plantuml,plantuml-mit,1.2023.7,https://github.com/plantuml/plantuml
net.sourceforge.plantuml,plantuml-mit,1.2023.7,https://github.com/plantuml/plantuml
nl.basjes.parse.useragent,yauaa-drill,7.0.0,https://github.com/nielsbasjes/yauaa
nl.basjes.parse.useragent,yauaa-elasticsearch-8,7.0.0,https://github.com/nielsbasjes/yauaa
nl.basjes.parse.useragent,yauaa-logparser,7.0.0,https://github.com/nielsbasjes/yauaa
nl.basjes.parse.useragent,yauaa-trino,7.0.0,https://github.com/nielsbasjes/yauaa
nl.basjes.parse.useragent,yauaa,7.0.0,https://github.com/nielsbasjes/yauaa
nl.basjes.parse.useragent,yauaa-beam,7.0.0,https://github.com/nielsbasjes/yauaa
nl.basjes.parse.useragent,yauaa-flink,7.0.0,https://github.com/nielsbasjes/yauaa
nl.basjes.parse.useragent,yauaa-hive,7.0.0,https://github.com/nielsbasjes/yauaa
nl.basjes.parse.useragent,yauaa-elasticsearch,7.0.0,https://github.com/nielsbasjes/yauaa
net.sf.sojo,sojo,1.0.5,http://github.com/maddingo/sojo
net.snowflake,snowflake-jdbc,2.8.0,http://github.com/snowflakedb/snowflake-jdbc/tree/master
nl.basjes.parse.useragent,yauaa-beam-sql,7.0.0,https://github.com/nielsbasjes/yauaa
nl.basjes.parse.useragent,yauaa-flink-table,7.0.0,https://github.com/nielsbasjes/yauaa
org.apache.ambari,ambari,1.7.0.0,https://github.com/apache/ambari
org.apache.ambari,ambari,1.7.0.0,https://github.com/apache/ambari
org.apache.ambari,ambari,1.7.0.0,https://github.com/apache/ambari
org.apache.ambari,ambari,1.7.0.0,https://github.com/apache/ambari
org.apache.ambari,ambari,2.0.0.0,https://github.com/apache/ambari
org.apache.archiva,archiva,2.2.0,https://github.com/apache/archiva
org.alluxio,alluxio-parent,1.0.0,scm:git:git@github.com:alluxio/alluxio.git
org.alluxio,alluxio-parent,1.0.0,scm:git:git@github.com:alluxio/alluxio.git
org.apache.atlas,apache-atlas,1.0.0-alpha,https://github.com/apache/atlas.git
org.apache.eventmesh,eventmesh-connector-rabbitmq,1.7.0-release,https://github.com/apache/incubator-eventmesh
org.apache.heron,heron-simulator,0.20.1-incubating-rc2,git@github.com:apache/incubator-heron.git
org.apache.dubbo,dubbo-parent,2.7.0,https://github.com/apache/incubator-dubbo
org.apache.dubbo,dubbo-parent,2.7.0,https://github.com/apache/incubator-dubbo
org.apache.druid,druid,0.13.0-incubating,https://github.com/apache/incubator-druid.git
org.apache.druid,druid,0.13.0-incubating,https://github.com/apache/incubator-druid.git
org.apache.druid,druid,0.13.0-incubating,https://github.com/apache/incubator-druid.git
org.apache.druid,druid,0.13.0-incubating,https://github.com/apache/incubator-druid.git
org.apache.druid,druid,0.17.0,https://github.com/apache/druid.git
org.apache.druid,druid,0.13.0-incubating,https://github.com/apache/incubator-druid.git
org.apache.heron,heron-api,v0.20.1-incubating-rc1,git@github.com:apache/incubator-heron.git
org.apache.iotdb,iotdb-parent,0.13.0,ssh://git@github.com:apache/iotdb.git
org.apache.iotdb,iotdb-parent,0.8.0,https://github.com/apache/incubator-iotdb
org.apache.inlong,inlong,1.4.0,https://github.com/apache/inlong
org.apache.inlong,inlong,1.1.0-incubating,https://github.com/apache/incubator-inlong
org.apache.inlong,inlong,1.4.0,https://github.com/apache/inlong
org.apache.inlong,inlong,1.1.0-incubating,https://github.com/apache/incubator-inlong
org.apache.dolphinscheduler,dolphinscheduler,3.0.0,https://github.com/apache/dolphinscheduler
org.apache.dolphinscheduler,dolphinscheduler,1.2.0,https://github.com/apache/incubator-dolphinscheduler
org.apache.dolphinscheduler,dolphinscheduler,1.2.0,https://github.com/apache/incubator-dolphinscheduler
org.apache.dolphinscheduler,dolphinscheduler,3.1.0,https://github.com/apache/dolphinscheduler
org.apache.dolphinscheduler,dolphinscheduler,1.2.0,https://github.com/apache/incubator-dolphinscheduler
org.apache.dolphinscheduler,dolphinscheduler,1.2.0,https://github.com/apache/incubator-dolphinscheduler
org.apache.dolphinscheduler,dolphinscheduler,1.2.0,https://github.com/apache/incubator-dolphinscheduler
org.apache.dolphinscheduler,dolphinscheduler,1.2.0,https://github.com/apache/incubator-dolphinscheduler
org.apache.dolphinscheduler,dolphinscheduler,1.3.8,https://github.com/apache/dolphinscheduler
org.apache.dolphinscheduler,dolphinscheduler,3.0.0,https://github.com/apache/dolphinscheduler
org.apache.dolphinscheduler,dolphinscheduler,1.2.0,https://github.com/apache/incubator-dolphinscheduler
org.apache.dolphinscheduler,dolphinscheduler,1.2.0,https://github.com/apache/incubator-dolphinscheduler
org.apache.rocketmq,rocketmq-all,4.5.2,git@github.com:apache/rocketmq.git
org.apache.seatunnel,seatunnel-web,1.0.0,https://github.com/apache/seatunnel-web
org.apache.openmeetings,openmeetings-parent,4.0.0,https://github.com/apache/openmeetings/tree/4.0.0RC2
org.apache.openmeetings,openmeetings-parent,4.0.0,https://github.com/apache/openmeetings/tree/4.0.0RC2
org.apache.ranger,ranger,0.6.0,scm:git:git@github.com:apache/incubator-ranger.git
org.apache.ranger,ranger,0.7.0,scm:git:git@github.com:apache/ranger.git
org.apache.ranger,ranger,0.6.0,scm:git:git@github.com:apache/incubator-ranger.git
org.apache.ranger,ranger,0.6.0,scm:git:git@github.com:apache/incubator-ranger.git
org.apache.ranger,ranger,0.6.0,scm:git:git@github.com:apache/incubator-ranger.git
org.apache.ranger,ranger,2.3.0,scm:git:git@github.com:apache/ranger.git
org.apache.ranger,ranger,0.6.0,scm:git:git@github.com:apache/incubator-ranger.git
org.apache.ranger,ranger,0.6.0,scm:git:git@github.com:apache/incubator-ranger.git
org.apache.parquet,parquet,1.7.0,scm:git:git@github.com:apache/parquet-mr.git
org.apache.spark,spark-parent_2.12,2.4.0,scm:git:git@github.com:apache/spark.git
org.apache.spark,spark-parent_2.12,3.1.1,scm:git:git@github.com:apache/spark.git
org.apache.servicecomb,java-chassis,1.0.0,https://github.com/apache/incubator-servicecomb-java-chassis
org.apache.shenyu,shenyu,2.4.0,https://github.com/apache/incubator-shenyu
org.apache.pinot,pinot,0.1.0,scm:git:git@github.com:apache/incubator-pinot.git
org.apache.pinot,pinot,0.1.0,scm:git:git@github.com:apache/incubator-pinot.git
org.apache.pulsar,pulsar,1.19.0-incubating,https://github.com/apache/incubator-pulsar
org.apache.pulsar,pulsar,1.19.0-incubating,https://github.com/apache/incubator-pulsar
org.apache.pulsar,pulsar,1.19.0-incubating,https://github.com/apache/incubator-pulsar
org.apache.pulsar,pulsar,1.19.0-incubating,https://github.com/apache/incubator-pulsar
org.apache.shardingsphere,shardingsphere,4.0.0-RC1,https://github.com/apache/incubator-shardingsphere.git
org.apache.shardingsphere,shardingsphere,4.0.0-RC3,https://github.com/apache/incubator-shardingsphere.git
org.apache.spark,spark-parent_2.11,1.3.0,scm:git:git@github.com:apache/spark.git
org.apache.linkis,linkis,1.0.3,https://github.com/apache/incubator-linkis
org.apache.linkis,linkis,1.0.3,https://github.com/apache/incubator-linkis
org.apache.linkis,linkis,1.0.3,https://github.com/apache/incubator-linkis
org.apache.linkis,linkis,1.0.3,https://github.com/apache/incubator-linkis
org.apache.linkis,linkis,1.0.3,https://github.com/apache/incubator-linkis
org.apache.linkis,linkis,1.0.3,https://github.com/apache/incubator-linkis
org.apache.linkis,linkis,1.0.3,https://github.com/apache/incubator-linkis
org.apache.linkis,linkis,1.0.3,https://github.com/apache/incubator-linkis
org.apache.linkis,linkis,1.0.3,https://github.com/apache/incubator-linkis
org.bouncycastle,bctls-jdk18on,1.71,https://github.com/bcgit/bc-java
org.bouncycastle,bctls-jdk18on,1.71,https://github.com/bcgit/bc-java
org.bouncycastle,bctls-jdk18on,1.71,https://github.com/bcgit/bc-java
org.bonitasoft.console,bonita-web-server,9.0.0,http://github.com/bonitasoft/bonita-engine
org.biscuitsec,biscuit,3.0.0,git@github.com:biscuit-auth/biscuit-java.git
org.apereo.cas,cas-server-support-otp-mfa-core,6.0.0,scm:git@github.com:apereo/cas.git
org.apereo.cas,cas-server-support-simple-mfa,6.0.0-RC1,scm:git@github.com:apereo/cas.git
org.bouncycastle,bcprov-jdk15on,1.65,https://github.com/bcgit/bc-java
org.bouncycastle,bcprov-jdk15on,1.57,https://github.com/bcgit/bc-java
org.bouncycastle,bcprov-debug-jdk14,1.55,https://github.com/bcgit/bc-java
org.bouncycastle,bcprov-jdk15to18,1.63,https://github.com/bcgit/bc-java
org.bouncycastle,bcprov-jdk15to18,1.63,https://github.com/bcgit/bc-java
org.bouncycastle,bcprov-jdk15to18,1.63,https://github.com/bcgit/bc-java
org.bouncycastle,bcprov-jdk15to18,1.63,https://github.com/bcgit/bc-java
org.bouncycastle,bcprov-jdk15to18,1.63,https://github.com/bcgit/bc-java
org.bouncycastle,bcprov-jdk15to18,1.63,https://github.com/bcgit/bc-java
org.bouncycastle,bcprov-jdk15to18,1.63,https://github.com/bcgit/bc-java
org.bouncycastle,bcprov-jdk14,1.61,https://github.com/bcgit/bc-java
org.bouncycastle,bcprov-jdk15to18,1.65,https://github.com/bcgit/bc-java
org.apereo.cas,cas-server-core-services-api,5.2.0-RC2,scm:git@github.com:apereo/cas.git
org.bouncycastle,bcprov-jdk14,1.65,https://github.com/bcgit/bc-java
org.bouncycastle,bcprov-jdk14,1.63,https://github.com/bcgit/bc-java
org.bouncycastle,bcprov-ext-jdk15to18,1.64,https://github.com/bcgit/bc-java
org.apereo.cas,cas-server-support-oauth-core-api,6.1.0-RC2,scm:git@github.com:apereo/cas.git
org.bouncycastle,bcprov-ext-jdk15on,1.65,https://github.com/bcgit/bc-java
org.apereo.cas,cas-server-core-web,5.0.0.M1,scm:git@github.com:apereo/cas.git
org.apereo.cas,cas-server-support-oidc,5.0.0.M1,scm:git@github.com:apereo/cas.git
org.apereo.cas,cas-server-support-x509-core,6.5.0,scm:git@github.com:apereo/cas.git
org.bedework,bw-webdav,4.0.1,https://github.com/Bedework/bw-webdav
org.bouncycastle,bcprov-debug-jdk15to18,1.64,https://github.com/bcgit/bc-java
org.apereo.cas,cas-server-support-shell,5.0.0.M2,scm:git@github.com:apereo/cas.git
org.apache.streampark,streampark,2.0.0,scm:git:git@github.com:apache/incubator-streampark.git
org.apache.streampark,streampark,2.0.0,scm:git:git@github.com:apache/incubator-streampark.git
org.bouncycastle,bcprov-debug-jdk18on,1.71,https://github.com/bcgit/bc-java
org.bouncycastle,bctls-jdk15to18,1.63,https://github.com/bcgit/bc-java
org.bouncycastle,bctls-jdk15to18,1.63,https://github.com/bcgit/bc-java
org.bedework.caleng,bw-calendar-engine,3.12.0,https://github.com/Bedework/bw-calendar-engine
org.bouncycastle,bctls-jdk15to18,1.63,https://github.com/bcgit/bc-java
org.boofcv,boofcv-core,0.27,https://github.com/lessthanoptimal/BoofCV
org.bouncycastle,bctls-jdk14,1.61,https://github.com/bcgit/bc-java
org.bouncycastle,bctls-jdk14,1.61,https://github.com/bcgit/bc-java
org.bouncycastle,bctls-jdk14,1.61,https://github.com/bcgit/bc-java
org.apereo.cas,cas-server-webapp,5.3.0,scm:git@github.com:apereo/cas.git
org.apereo.cas,cas-server-core-services-authentication,5.2.0-RC2,scm:git@github.com:apereo/cas.git
org.bouncycastle,bcpkix-jdk18on,1.71,https://github.com/bcgit/bc-java
org.apache.systemds,systemds,2.0.0,scm:git:https://github.com/apache/systemds.git
org.apache.streampipes,streampipes-parent,0.66.0,https://github.com/apache/incubator-streampipes
org.apache.streampipes,streampipes-parent,0.69.0,https://github.com/apache/incubator-streampipes
org.apache.streampipes,streampipes-parent,0.66.0,https://github.com/apache/incubator-streampipes
org.apache.streampipes,streampipes-parent,0.66.0,https://github.com/apache/incubator-streampipes
org.bouncycastle,bcprov-jdk18on,1.71,https://github.com/bcgit/bc-java
org.bouncycastle,bcprov-jdk18on,1.71,https://github.com/bcgit/bc-java
org.bouncycastle,bcprov-jdk18on,1.71,https://github.com/bcgit/bc-java
org.bouncycastle,bcprov-jdk18on,1.71,https://github.com/bcgit/bc-java
org.bouncycastle,bcprov-jdk18on,1.71,https://github.com/bcgit/bc-java
org.bouncycastle,bcprov-jdk18on,1.71,https://github.com/bcgit/bc-java
org.bouncycastle,bcprov-ext-jdk18on,1.71,https://github.com/bcgit/bc-java
org.cloudfoundry.identity,cloudfoundry-identity-server,3.0.0,https://github.com/cloudfoundry/uaa
org.cloudfoundry.identity,cloudfoundry-identity-server,3.0.0,https://github.com/cloudfoundry/uaa
org.cloudfoundry.identity,cloudfoundry-identity-server,3.0.0,https://github.com/cloudfoundry/uaa
org.cloudfoundry.identity,cloudfoundry-identity-server,3.0.0,https://github.com/cloudfoundry/uaa
org.cloudfoundry.identity,cloudfoundry-identity-server,3.0.0,https://github.com/cloudfoundry/uaa
org.cloudfoundry.identity,cloudfoundry-identity-server,3.0.0,https://github.com/cloudfoundry/uaa
org.cloudfoundry.identity,cloudfoundry-identity-server,3.0.0,https://github.com/cloudfoundry/uaa
org.cloudfoundry.identity,cloudfoundry-identity-server,3.0.0,https://github.com/cloudfoundry/uaa
org.cloudfoundry.identity,cloudfoundry-identity-server,3.0.0,https://github.com/cloudfoundry/uaa
org.cloudfoundry.identity,cloudfoundry-identity-server,3.0.0,https://github.com/cloudfoundry/uaa
org.cloudfoundry.identity,cloudfoundry-identity-server,3.0.0,https://github.com/cloudfoundry/uaa
org.cloudfoundry.identity,cloudfoundry-identity-server,3.0.0,https://github.com/cloudfoundry/uaa
org.cloudfoundry.identity,cloudfoundry-identity-server,3.0.0,https://github.com/cloudfoundry/uaa
org.cloudfoundry.identity,cloudfoundry-identity-server,3.0.0,https://github.com/cloudfoundry/uaa
org.cloudfoundry.identity,cloudfoundry-identity-server,3.0.0,https://github.com/cloudfoundry/uaa
org.craftercms,crafter-core,3.0.0,scm:git:git://github.com/craftercms/core
org.codelibs.fess,fess,10.3.0-beta1,https://github.com/codelibs/fess
org.craftercms,crafter-core,3.0.0,scm:git:git://github.com/craftercms/core
org.craftercms,crafter-core,3.0.0,scm:git:git://github.com/craftercms/core
org.cryptacular,cryptacular,1.0,scm:git:git@github.com:vt-middleware/cryptacular.git
org.craftercms,crafter-studio,3.0.0,scm:git:git://github.com/craftercms/studio2
org.craftercms,crafter-studio,3.1.0,scm:git:git://github.com/craftercms/studio
org.craftercms,crafter-studio,3.1.0,scm:git:git://github.com/craftercms/studio
org.craftercms,crafter-studio,3.0.0,scm:git:git://github.com/craftercms/studio2
org.craftercms,crafter-studio,3.0.0,scm:git:git://github.com/craftercms/studio2
org.craftercms,crafter-studio,3.0.0,scm:git:git://github.com/craftercms/studio2
org.craftercms,crafter-studio,3.0.0,scm:git:git://github.com/craftercms/studio2
org.craftercms,crafter-studio,3.0.0,scm:git:git://github.com/craftercms/studio2
org.craftercms,crafter-studio,3.0.0,scm:git:git://github.com/craftercms/studio2
org.clojure,clojure,1.7.0,git@github.com:clojure/clojure.git
org.craftercms,crafter-search,3.1.0,scm:git:git://github.com/craftercms/search
org.checkerframework.annotatedlib,commons-io,2.6,https://github.com/typetools/commons-io.git
org.codehaus.groovy,groovy,2.0.0,git@github.com:groovy/groovy-core.git
org.cyclonedx,cyclonedx-core-java,2.1.0,https://github.com/CycloneDX/cyclonedx-core-java.git
org.eclipse.edc,transfer-data-plane,0.5.0,https://github.com/eclipse-edc/Connector.git
org.eclipse.edc,connector-core,0.2.1,https://github.com/eclipse-edc/Connector.git
org.dom4j,dom4j,2.0.0-RC1,git@github.com:dom4j/dom4j.git
org.dom4j,dom4j,2.0.0-RC1,git@github.com:dom4j/dom4j.git
org.eclipse.ditto,ditto,3.0.0,https://github.com/eclipse/ditto.git
org.elasticsearch,elasticsearch,0.6.0,http://github.com/elasticsearch/elasticsearch
org.elasticsearch,elasticsearch,0.6.0,http://github.com/elasticsearch/elasticsearch
org.elasticsearch,elasticsearch,7.0.0,git@github.com:elastic/elasticsearch.git
org.elasticsearch,elasticsearch,8.4.0,git@github.com:elastic/elasticsearch.git
org.elasticsearch,elasticsearch,7.0.0,git@github.com:elastic/elasticsearch.git
org.elasticsearch,elasticsearch,0.6.0,http://github.com/elasticsearch/elasticsearch
org.elasticsearch,elasticsearch,0.6.0,http://github.com/elasticsearch/elasticsearch
org.elasticsearch,elasticsearch,7.0.0,git@github.com:elastic/elasticsearch.git
org.elasticsearch,elasticsearch,7.0.0,git@github.com:elastic/elasticsearch.git
org.elasticsearch,elasticsearch,0.6.0,http://github.com/elasticsearch/elasticsearch
org.elasticsearch,elasticsearch,7.6.0,git@github.com:elastic/elasticsearch.git
org.elasticsearch,elasticsearch,0.6.0,http://github.com/elasticsearch/elasticsearch
org.elasticsearch,elasticsearch,7.7.0,git@github.com:elastic/elasticsearch.git
org.elasticsearch,elasticsearch,0.6.0,http://github.com/elasticsearch/elasticsearch
org.elasticsearch,elasticsearch,0.6.0,http://github.com/elasticsearch/elasticsearch
org.elasticsearch,elasticsearch,0.6.0,http://github.com/elasticsearch/elasticsearch
org.elasticsearch,elasticsearch,0.6.0,http://github.com/elasticsearch/elasticsearch
org.elasticsearch,elasticsearch,0.6.0,http://github.com/elasticsearch/elasticsearch
org.elasticsearch,elasticsearch,0.6.0,http://github.com/elasticsearch/elasticsearch
org.elasticsearch,elasticsearch,0.6.0,http://github.com/elasticsearch/elasticsearch
org.elasticsearch,elasticsearch,0.6.0,http://github.com/elasticsearch/elasticsearch
org.elasticsearch,elasticsearch,5.6.0,git@github.com:elastic/elasticsearch.git
org.elasticsearch,elasticsearch,0.6.0,http://github.com/elasticsearch/elasticsearch
org.elasticsearch,elasticsearch,0.6.0,http://github.com/elasticsearch/elasticsearch
org.elasticsearch,elasticsearch,7.11.0,git@github.com:elastic/elasticsearch.git
org.elasticsearch,elasticsearch,0.6.0,http://github.com/elasticsearch/elasticsearch
org.elasticsearch,elasticsearch,6.4.0,git@github.com:elastic/elasticsearch.git
org.elasticsearch,elasticsearch,7.16.0,git@github.com:elastic/elasticsearch.git
org.elasticsearch,elasticsearch,8.0.0,git@github.com:elastic/elasticsearch.git
org.elasticsearch,elasticsearch,6.7.0,git@github.com:elastic/elasticsearch.git
org.elasticsearch,elasticsearch,6.7.0,git@github.com:elastic/elasticsearch.git
org.elasticsearch,elasticsearch,6.7.0,git@github.com:elastic/elasticsearch.git
org.elasticsearch,elasticsearch,8.10.0,https://github.com/elastic/elasticsearch.git
org.elasticsearch,elasticsearch,6.5.0,git@github.com:elastic/elasticsearch.git
org.exist-db,exist-core,5.0.0-RC8,scm:git:https://github.com/exist-db/exist.git
org.elasticsearch,elasticsearch,8.13.1,git@github.com:elastic/elasticsearch.git
org.elasticsearch,elasticsearch-hadoop,0.8.0,http://github.com/elasticsearch/elasticsearch
org.eclipse.rdf4j,rdf4j,2.0M1,https://github.com/eclipse/rdf4j
org.eclipse.lyo,lyo-parent,4.0.0.RC,https://github.com/eclipse/lyo
org.eclipse.parsson,project,1.0.0,https://github.com/eclipse-ee4j/parsson
org.elasticsearch.client,elasticsearch-rest-client,7.10.0,git@github.com:elastic/elasticsearch.git
org.fitnesse,fitnesse,20131110,scm:git:http://github.com/unclebob/fitnesse
org.http4s,blaze-core_2.11,0.2.0,https://github.com/http4s/blaze
org.http4s,blaze-core_2.13,0.14.5,https://github.com/http4s/blaze
org.http4s,http4s-blaze-server_2.12,0.15.0,https://github.com/http4s/http4s
org.http4s,blaze-core_2.12,0.12.4,https://github.com/http4s/blaze
org.htmlunit,htmlunit,3.0.0,https://github.com/HtmlUnit/htmlunit
org.graniteds,granite-server-core,3.0.0.RC1,scm:git@github.com:graniteds/graniteds.git
org.grails,grails-databinding,3.3.10,scm:git@github.com:grails/grails-core.git
org.graylog,graylog-parent,2.2.0-alpha.1,https://github.com/Graylog2/graylog2-server
org.grails,grails-databinding,2.3.0.M1,scm:git@github.com:grails/grails-core.git
org.http4s,http4s-blaze-server_2.13,0.21.0-M1,https://github.com/http4s/http4s
org.hjson,hjson,1.0.0,https://github.com/laktak/hjson-java
org.http4s,http4s-server_2.12,0.15.0,https://github.com/http4s/http4s
org.hjson,hjson,1.0.0,https://github.com/laktak/hjson-java
org.jbpm.jbpm5,jbpmmigration,0.11,https://github.com/dr oolsjbpm/jbpmmigration
org.iq80.snappy,snappy,0.1,http://github.com/dain/snapy/tree/master
org.java-websocket,Java-WebSocket,1.3.0,git@github.com:TooTallNate/Java-WebSocket.git
org.javadelight,delight-nashorn-sandbox,0.0.8,https://github.com/javadelight/delight-nashorn-sandbox
org.jetbrains.kotlin,kotlin-stdlib,0.0.1-test-deploy,git@github.com:JetBrains/kotlin.git
org.jetbrains.kotlin,kotlin-stdlib,0.0.1-test-deploy,git@github.com:JetBrains/kotlin.git
org.jeasy,easy-rules-mvel,4.1.0,git@github.com:j-easy/easy-rules.git
org.keycloak,keycloak-parent,1.0-alpha-1-12062013,http://github.com/keycloak/keycloak/tree/master/
org.keycloak,keycloak-parent,1.0-alpha-1-12062013,http://github.com/keycloak/keycloak/tree/master/
org.keycloak,keycloak-parent,1.0-alpha-1-12062013,http://github.com/keycloak/keycloak/tree/master/
org.keycloak,keycloak-parent,1.0-alpha-1-12062013,http://github.com/keycloak/keycloak/tree/master/
org.keycloak,keycloak-parent,1.0-alpha-1-12062013,http://github.com/keycloak/keycloak/tree/master/
org.keycloak,keycloak-parent,1.0-alpha-1-12062013,http://github.com/keycloak/keycloak/tree/master/
org.keycloak,keycloak-parent,1.0-alpha-1-12062013,http://github.com/keycloak/keycloak/tree/master/
org.keycloak,keycloak-parent,1.0-alpha-1-12062013,http://github.com/keycloak/keycloak/tree/master/
org.keycloak,keycloak-parent,1.0-alpha-1-12062013,http://github.com/keycloak/keycloak/tree/master/
org.keycloak,keycloak-parent,1.0-alpha-1-12062013,http://github.com/keycloak/keycloak/tree/master/
org.keycloak,keycloak-parent,1.0-alpha-1-12062013,http://github.com/keycloak/keycloak/tree/master/
org.keycloak,keycloak-parent,1.0-alpha-1-12062013,http://github.com/keycloak/keycloak/tree/master/
org.keycloak,keycloak-parent,1.0-alpha-1-12062013,http://github.com/keycloak/keycloak/tree/master/
org.keycloak,keycloak-parent,1.0-alpha-1-12062013,http://github.com/keycloak/keycloak/tree/master/
org.keycloak,keycloak-parent,1.0-alpha-1-12062013,http://github.com/keycloak/keycloak/tree/master/
org.keycloak,keycloak-parent,1.0-alpha-1-12062013,http://github.com/keycloak/keycloak/tree/master/
org.keycloak,keycloak-parent,1.0-alpha-1-12062013,http://github.com/keycloak/keycloak/tree/master/
org.keycloak,keycloak-parent,1.0-alpha-1-12062013,http://github.com/keycloak/keycloak/tree/master/
org.keycloak,keycloak-parent,1.0-alpha-1-12062013,http://github.com/keycloak/keycloak/tree/master/
org.keycloak,keycloak-parent,1.0-alpha-1-12062013,http://github.com/keycloak/keycloak/tree/master/
org.keycloak,keycloak-parent,1.0-alpha-1-12062013,http://github.com/keycloak/keycloak/tree/master/
org.jsoup,jsoup,0.2.1b,http://github.com/jhy/jsoup
org.keycloak,keycloak-parent,7.0.0,https://github.com/keycloak/keycloak/tree/master/
org.keycloak,keycloak-parent,7.0.0,https://github.com/keycloak/keycloak/tree/master/
org.keycloak,keycloak-parent,9.0.0,https://github.com/keycloak/keycloak/tree/master/
org.jsoup,jsoup,0.2.1b,http://github.com/jhy/jsoup
org.jodd,jodd-json,3.6-RC1,https://github.com/oblac/jodd
org.jsoup,jsoup,1.6.0,http://github.com/jhy/jsoup
org.jline,jline-parent,3.2.0,http://github.com/jline/jline3
org.jodd,jodd-http,5.0.0,https://github.com/oblac/jodd
org.mapfish.print,print-servlet,1.2.0,scm:git@github.com:mapfish/mapfish-print.git
org.mapfish.print,print-servlet,3.0,scm:git@github.com:mapfish/mapfish-print.git
org.kohsuke,libpam4j,1.5,scm:git:git@github.com/kohsuke/${project.artifactId}.git
org.kordamp.json,json-lib-core,3.0.1,https://github.com/aalmiray/json-lib
org.matrix.android,matrix-android-sdk2,0.0.2,https://github.com/matrix-org/matrix-android-sdk2
org.matrix.android,matrix-android-sdk2,0.0.2,https://github.com/matrix-org/matrix-android-sdk2
org.mock-server,mockserver,1.2,https://github.com/jamesdbloom/mockservice.git
org.matrix.android,matrix-android-sdk2,0.0.2,https://github.com/matrix-org/matrix-android-sdk2
org.mitre,openid-connect-parent,0.9.0,https://github.com/mitreid-connect/OpenID-Connect-Java-Spring-Server.git
org.mapfish.print,print-standalone,3.18.3,scm:git@github.com:mapfish/mapfish-print.git
org.mapfish.print,print-standalone,1.2.0,scm:git@github.com:mapfish/mapfish-print.git
org.mapfish.print,print-lib,1.2.0,scm:git@github.com:mapfish/mapfish-print.git
org.mapfish.print,print-lib,3.0,scm:git@github.com:mapfish/mapfish-print.git
org.mvel,mvel2,2.5.0.Final,scm:git:git@github.com:mvel/mvel.git
org.neo4j,neo4j-enterprise,3.4.0,https://github.com/neo4j/neo4j
org.neo4j,neo4j-cypher,5.1.0,https://github.com/neo4j/neo4j
org.mongodb,mongodb-driver,3.11.0,https://github.com/mongodb/mongo-java-driver
org.noear,solon,1.0.1,https://github.com/noear/solon
org.mongodb,mongodb-driver-sync,3.11.0,https://github.com/mongodb/mongo-java-driver
org.neo4j,neo4j-kernel,4.2.0,https://github.com/neo4j/neo4j
org.noear,solon,1.0.1,https://github.com/noear/solon
org.ngrinder,ngrinder-core,3.5.2,https://github.com/naver/ngrinder
org.mule.runtime,mule,4.0.0-BETA.4,https://github.com/mulesoft/mule
org.neo4j.procedure,apoc,1.0.0-RC1,https://github.com/neo4j-contrib/neo4j-apoc-procedures
org.neo4j.procedure,apoc,1.0.0-RC1,https://github.com/neo4j-contrib/neo4j-apoc-procedures
org.neo4j.procedure,apoc,1.0.0-RC1,https://github.com/neo4j-contrib/neo4j-apoc-procedures
org.neo4j.procedure,apoc,1.0.0-RC1,https://github.com/neo4j-contrib/neo4j-apoc-procedures
org.mongodb,mongo-java-driver,3.11.0,https://github.com/mongodb/mongo-java-driver
org.mongodb,mongodb-driver-legacy,3.11.0,https://github.com/mongodb/mongo-java-driver
org.neo4j.procedure,apoc-core,5.0.0,http://github.com/neo4j/apoc
org.opencrx,opencrx-core-models,4.3-alpha-9,https://github.com/opencrx/opencrx/tree/master
org.opencrx,opencrx-core-models,4.3-alpha-9,https://github.com/opencrx/opencrx/tree/master
org.opencrx,opencrx-core-models,4.3-alpha-9,https://github.com/opencrx/opencrx/tree/master
org.opencrx,opencrx-core-models,4.3-alpha-9,https://github.com/opencrx/opencrx/tree/master
org.opencrx,opencrx-core-models,4.3-alpha-9,https://github.com/opencrx/opencrx/tree/master
org.opencrx,opencrx-core-models,4.3-alpha-9,https://github.com/opencrx/opencrx/tree/master
org.opencrx,opencrx-core-models,4.3-alpha-9,https://github.com/opencrx/opencrx/tree/master
org.opencrx,opencrx-core-models,4.3-alpha-9,https://github.com/opencrx/opencrx/tree/master
org.opencrx,opencrx-core-models,4.3-alpha-9,https://github.com/opencrx/opencrx/tree/master
org.openapitools,openapi-generator-project,3.0.0,https://github.com/openapitools/openapi-generator
org.opennms,opennms,31.0.3,https://github.com/OpenNMS/opennms
org.opennms,opennms,31.0.3,https://github.com/OpenNMS/opennms
org.opencastproject,base,6.6,https://github.com/opencast/opencast/
org.opencrx,opencrx-gradle,4.3-alpha-1,https://github.com/opencrx/opencrx/tree/master
org.openrefine,main,3.6-beta1,http://github.com/OpenRefine/OpenRefine
org.openrefine,main,3.6-beta1,http://github.com/OpenRefine/OpenRefine
org.opencrx,opencrx-client,4.3-alpha-1,https://github.com/opencrx/opencrx/tree/master
org.opencrx,opencrx-client,4.3-alpha-1,https://github.com/opencrx/opencrx/tree/master
org.opencrx,opencrx-client,4.3-alpha-1,https://github.com/opencrx/opencrx/tree/master
org.opencms,opencms-core,8.0.3,git@github.com:alkacon/opencms-core.git
org.opencms,opencms-core,8.0.3,git@github.com:alkacon/opencms-core.git
org.opencms,opencms-core,8.0.3,git@github.com:alkacon/opencms-core.git
org.opencms,opencms-core,8.0.3,git@github.com:alkacon/opencms-core.git
org.opencms,opencms-core,8.0.3,git@github.com:alkacon/opencms-core.git
org.opencms,opencms-core,8.0.3,git@github.com:alkacon/opencms-core.git
org.opencrx,opencrx-core-config,4.3.0,https://github.com/opencrx/opencrx/tree/master
org.opencms,opencms-core,16.0,scm:git@github.com:alkacon/opencms-core.git
org.opencms,opencms-core,11.0.0,scm:git@github.com:alkacon/opencms-core.git
org.opencrx,opencrx-core,4.3-alpha-1,https://github.com/opencrx/opencrx/tree/master
org.opencrx,opencrx-core,4.3-alpha-1,https://github.com/opencrx/opencrx/tree/master
org.owasp.antisamy,antisamy,1.5.7,scm:git:git@github.com:nahsra/antisamy.git
org.opensearch.plugin,opensearch-security,2.1.0.0,https://github.com/opensearch-project/security.git
org.opensearch.plugin,opensearch-security,2.1.0.0,https://github.com/opensearch-project/security.git
org.opensearch.plugin,opensearch-security,2.1.0.0,https://github.com/opensearch-project/security.git
org.opensearch.plugin,opensearch-security,2.1.0.0,https://github.com/opensearch-project/security.git
org.opensearch.plugin,opensearch-security,2.1.0.0,https://github.com/opensearch-project/security.git
org.postgresql,postgresql,9.2-1002-jdbc4,git@github.com:pgjdbc/pgjdbc.git
org.postgresql,postgresql,9.4.1212.jre7,https://github.com/pgjdbc/pgjdbc-jre7
org.postgresql,postgresql,9.2-1002-jdbc4,git@github.com:pgjdbc/pgjdbc.git
org.owasp,dependency-check-maven,9.0.0,https://github.com/jeremylong/DependencyCheck/tree/master/maven
org.owasp,csrfguard,3.0.0,https://github.com/esheri3/OWASP-CSRFGuard
org.owasp,dependency-check-cli,9.0.0,https://github.com/jeremylong/DependencyCheck/tree/main/cli
org.postgresql,pgjdbc-aggregate,9.4.1207,https://github.com/pgjdbc/pgjdbc
org.owasp,dependency-check-ant,9.0.0,https://github.com/jeremylong/DependencyCheck/tree/main/ant
org.scala-sbt,io_2.12,1.0.0,https://github.com/sbt/io
org.scala-sbt,io_3,1.6.0-M2,https://github.com/sbt/io
org.rundeck,rundeck,3.0.0-alpha1,https://github.com/rundeck/rundeck
org.rundeck,rundeck,4.13.0-20230515,https://github.com/rundeck/rundeck
org.rundeck,rundeck,3.0.0-alpha1,https://github.com/rundeck/rundeck
org.rundeck,rundeck,4.2.0-20220509,https://github.com/rundeck/rundeck
org.scala-sbt,sbt,0.99.2,https://github.com/sbt/sbt
org.rundeck,rundeck-core,1.4.4,https://github.com/dtolabs/rundeck
org.rundeck,rundeck-core,1.4.4,https://github.com/dtolabs/rundeck
org.scala-sbt,io_2.13,1.3.0-M11,https://github.com/sbt/io
org.scala-lang,scala-library,2.13.0,https://github.com/scala/scala.git
org.redisson,redisson,1.0.1,scm:git:git@github.com:mrniko/redisson.git
org.sonatype.nexus.ci,nexus-jenkins-plugin,1.2.20170404-163441.794de4c,https://github.com/jenkinsci/nexus-platform-plugin
org.sonatype.nexus.ci,nexus-jenkins-plugin,1.2.20170404-163441.794de4c,https://github.com/jenkinsci/nexus-platform-plugin
org.sonatype.nexus.ci,nexus-jenkins-plugin,1.2.20170404-163441.794de4c,https://github.com/jenkinsci/nexus-platform-plugin
org.sonatype.nexus.ci,nexus-jenkins-plugin,1.2.20170404-163441.794de4c,https://github.com/jenkinsci/nexus-platform-plugin
org.springframework.boot,spring-boot-loader,2.7.0,https://github.com/spring-projects/spring-boot
org.springframework.boot,spring-boot-starter-webflux,2.0.0.RELEASE,http://github.com/spring-projects/spring-boot/spring-boot-starters/spring-boot-starter-webflux
org.springframework.amqp,spring-amqp,2.2.0.RELEASE,https://github.com/spring-projects/spring-amqp
org.springframework.amqp,spring-amqp,2.2.0.RELEASE,https://github.com/spring-projects/spring-amqp
org.springframework.batch,spring-batch-core,4.0.0.RELEASE,https://github.com/spring-projects/spring-batch
org.springframework.boot,spring-boot-loader-classic,3.2.0,https://github.com/spring-projects/spring-boot
org.soot-oss,soot,4.1.0,https://github.com/soot-oss/soot
org.springframework.boot,spring-boot-actuator-autoconfigure,2.0.0.RELEASE,http://github.com/spring-projects/spring-boot/spring-boot-actuator-autoconfigure
org.typelevel,grackle-core_native0.4_3,0.15.0,https://github.com/typelevel/grackle
org.springframework,spring-core,4.2.0.RELEASE,https://github.com/spring-projects/spring-framework
org.springframework.cloud,spring-cloud-netflix,2.1.0.RELEASE,https://github.com/spring-cloud/spring-cloud-netflix
org.springframework,spring-core,4.3.0.RELEASE,https://github.com/spring-projects/spring-framework
org.springframework,spring-core,5.2.0.RELEASE,https://github.com/spring-projects/spring-framework
org.springframework,spring-core,4.3.0.RELEASE,https://github.com/spring-projects/spring-framework
org.springframework,spring-core,6.0.15,https://github.com/spring-projects/spring-framework
org.springframework,spring-core,5.0.5.RELEASE,https://github.com/spring-projects/spring-framework
org.springframework,spring-core,4.1.0.RELEASE,https://github.com/spring-projects/spring-framework
org.springframework,spring-core,5.2.0.RELEASE,https://github.com/spring-projects/spring-framework
org.springframework.kafka,spring-kafka,2.8.0,https://github.com/spring-projects/spring-kafka
org.springframework.integration,spring-integration-zip,1.0.0.RELEASE,https://github.com/spring-projects/spring-integration-extensions
org.springframework.integration,spring-integration-zip,1.0.0.RELEASE,https://github.com/spring-projects/spring-integration-extensions
org.springframework.integration,spring-integration-zip,1.0.0.RELEASE,https://github.com/spring-projects/spring-integration-extensions
org.springframework.data,spring-data-jpa,1.0.0.RELEASE,https://github.com/SpringSource/spring-data-jpa
org.springframework.cloud,spring-cloud-openfeign-core,2.2.0.RELEASE,https://github.com/spring-cloud/spring-cloud-openfeign/spring-cloud-openfeign-core
org.springframework.data,spring-data-jpa,1.0.0.RELEASE,https://github.com/SpringSource/spring-data-jpa
org.springframework.data,spring-data-jpa,1.0.0.RELEASE,https://github.com/SpringSource/spring-data-jpa
org.testng,testng,6.13,http://github.com/cbeust/testng
org.springframework.cloud,spring-cloud-function-context,1.0.0.RELEASE,https://github.com/spring-cloud/spring-cloud-build/spring-cloud-function-parent/spring-cloud-function-context
org.springframework.security,spring-security-oauth2-jose,5.1.0.RELEASE,https://github.com/spring-projects/spring-security
org.springframework.hateoas,spring-hateoas,0.1.0.RELEASE,https://github.com/SpringSource/spring-hateoas
org.typelevel,grackle-core_sjs1_3,0.15.0,https://github.com/typelevel/grackle
org.springframework.session,spring-session-core,3.0.0,https://github.com/spring-projects/spring-session
org.springframework.security,spring-security-core,5.6.0,https://github.com/spring-projects/spring-security
org.springframework.security,spring-security-core,5.7.0,https://github.com/spring-projects/spring-security
org.springframework.security,spring-security-core,4.2.0.RELEASE,https://github.com/spring-projects/spring-security
org.springframework.security,spring-security-core,5.2.0.RELEASE,https://github.com/spring-projects/spring-security
org.springframework.security,spring-security-core,5.2.0.RELEASE,https://github.com/spring-projects/spring-security
org.springframework.security,spring-security-core,4.1.0.RELEASE,https://github.com/spring-projects/spring-security
org.springframework.security,spring-security-core,4.2.0.RELEASE,https://github.com/spring-projects/spring-security
org.springframework.security,spring-security-core,5.1.0.RELEASE,https://github.com/spring-projects/spring-security
org.springframework.security,spring-security-core,6.1.0,https://github.com/spring-projects/spring-security
org.springframework.security,spring-security-core,6.3.0,https://github.com/spring-projects/spring-security
org.springframework.security,spring-security-core,5.2.0.RELEASE,https://github.com/spring-projects/spring-security
org.springframework.security,spring-security-oauth2-client,5.0.0.RELEASE,https://github.com/spring-projects/spring-security
org.springframework.security,spring-security-oauth2-client,5.2.0.RELEASE,https://github.com/spring-projects/spring-security
org.springframework,spring-messaging,4.0.0.RELEASE,https://github.com/SpringSource/spring-framework
org.springframework.cloud,spring-cloud-gateway,2.2.0.RELEASE,https://github.com/spring-cloud/spring-cloud-gateway
org.springframework,spring-framework-bom,4.0.0.RELEASE,https://github.com/SpringSource/spring-framework
org.springframework.cloud,spring-cloud-gateway,1.0.0.RELEASE,https://github.com/spring-cloud-incubator/spring-cloud-gateway
org.typelevel,grackle-core_2.13,0.15.0,https://github.com/typelevel/grackle
org.springframework.credhub,spring-credhub-core,1.0.0.RELEASE,https://github.com/spring-projects/spring-credhub
org.springframework,spring-web,5.2.0.RELEASE,https://github.com/spring-projects/spring-framework
org.springframework,spring-web,4.3.0.RELEASE,https://github.com/spring-projects/spring-framework
org.springframework,spring,5.3.0,https://github.com/spring-projects/spring-framework
org.springframework,spring,5.2.0.RELEASE,https://github.com/spring-projects/spring-framework
org.typelevel,grackle-core_sjs1_2.13,0.15.0,https://github.com/typelevel/grackle
org.springframework,spring-webflux,5.0.0.RELEASE,https://github.com/spring-projects/spring-framework
org.thymeleaf,thymeleaf-spring5,3.0.3.M1,scm:git:git@github.com:thymeleaf/thymeleaf-spring.git
org.springframework,spring-webflux,5.0.0.RELEASE,https://github.com/spring-projects/spring-framework
org.springframework,spring-webflux,5.2.0.RELEASE,https://github.com/spring-projects/spring-framework
org.springframework.graphql,spring-graphql,1.1.0,https://github.com/spring-projects/spring-graphql
org.springframework.data,spring-data-rest-core,1.0.0.RELEASE,http://github.com/SpringSource/spring-data-rest
org.springframework.security,spring-security-config,6.1.1,https://github.com/spring-projects/spring-security
org.springframework.security,spring-security-config,5.6.0,https://github.com/spring-projects/spring-security
org.springframework.security,spring-security-config,6.0.0,https://github.com/spring-projects/spring-security
org.typelevel,grackle-core_native0.4_2.13,0.15.0,https://github.com/typelevel/grackle
org.springframework.integration,spring-integration-core,4.3.0.RELEASE,https://github.com/spring-projects/spring-integration
org.springframework,spring-webmvc,6.0.0,https://github.com/spring-projects/spring-framework
org.springframework,spring-webmvc,5.0.0.RELEASE,https://github.com/spring-projects/spring-framework
org.springframework,spring-webmvc,5.2.0.RELEASE,https://github.com/spring-projects/spring-framework
org.typelevel,grackle-core_3,0.15.0,https://github.com/typelevel/grackle
org.springframework.security,spring-security-oauth2-authorization-server,0.2.0,https://github.com/spring-projects/spring-security
org.torpedoquery,org.torpedoquery,1.2.0,https://github.com/xjodoin/torpedoquery
org.springframework.security,spring-security-bom,3.2.0.RELEASE,https://github.com/spring-projects/spring-security
org.springframework.webflow,spring-webflow,2.4.0.RELEASE,https://github.com/SpringSource/spring-webflow
org.webjars.bower,angular,1.3.14,https://github.com/angular/bower-angular
org.webjars.npm,bootstrap,4.0.0,https://github.com/twbs/bootstrap
org.webjars.npm,dicer,0.2.5,https://github.com/mscdex/dicer
org.vivoweb,vitro-project,1.9.0-alpha-1,git@github.com:vivo-project/Vitro.git
org.webjars.npm,bootstrap,3.3.5,https://github.com/twbs/bootstrap
org.webjars.npm,jquery,1.11.3,https://github.com/jquery/jquery
org.webjars.npm,jquery,1.11.3,https://github.com/jquery/jquery
org.webjars.npm,jquery,1.11.3,https://github.com/jquery/jquery
org.webjars.npm,jquery,1.7.3,https://github.com/UncoolAJ86/node-jquery
org.webjars.npm,jquery,1.7.3,https://github.com/UncoolAJ86/node-jquery
org.webjars.npm,jquery,1.11.3,https://github.com/jquery/jquery
org.webjars.bowergithub.vaadin,vaadin-menu-bar,1.0.0,https://github.com/vaadin/vaadin-menu-bar
org.webjars.npm,json,9.0.6,https://github.com/trentm/json
org.webjars.npm,angular,1.3.15,https://github.com/angular/angular.js
org.webjars.npm,dset,3.0.0,https://github.com/lukeed/dset
org.webjars.npm,lite-server,1.3.4,git+https://github.com/johnpapa/lite-server
org.webjars.npm,jquery-ui,1.10.4,https://github.com/jquery/jquery-ui
org.webjars.bowergithub.wycats,handlebars.js,4.1.1,https://github.com/wycats/handlebars.js
org.webjars.npm,jquery-ui,1.10.4,https://github.com/jquery/jquery-ui
org.webjars.npm,http-cache-semantics,3.8.1,https://github.com/kornelski/http-cache-semantics
org.webjars.npm,jquery-ui,1.10.4,https://github.com/jquery/jquery-ui
org.webjars.npm,jquery-ui,1.10.4,https://github.com/jquery/jquery-ui
org.webjars.npm,jquery-ui,1.10.4,https://github.com/jquery/jquery-ui
org.webjars.npm,handlebars,3.0.3,https://github.com/wycats/handlebars.js
org.webjars.npm,cookiejar,2.0.6,git+https://github.com/bmeck/node-cookiejar
org.webjars.npm,xlsx,0.8.0,https://github.com/SheetJS/js-xlsx
org.webjars.npm,xlsx,0.8.0,https://github.com/SheetJS/js-xlsx
org.webjars.npm,xlsx,0.8.0,https://github.com/SheetJS/js-xlsx
org.webjars.npm,vuetify,2.0.0-beta.4,https://github.com/vuetifyjs/vuetify
org.webjars,swagger-ui,2.0.12,http://github.com/webjars/swagger-ui
org.webjars,handlebars,1.0.rc.1,http://github.com/webjars/handlebars
org.wildfly.bom,wildfly,11.0.0.Alpha1,http://github.com/wildfly/boms
org.webjars,bootstrap,4.0.0,http://github.com/webjars/bootstrap
org.webjars,bootstrap,2.1.1,http://github.com/webjars/bootstrap
org.wildfly.bom,wildfly,11.0.0.Alpha1,http://github.com/wildfly/boms
org.webjars,bootstrap,3.0.0,http://github.com/webjars/bootstrap
org.webjars,bootstrap,2.3.0,http://github.com/webjars/bootstrap
org.webjars,bootstrap,2.1.1,http://github.com/webjars/bootstrap
org.webjars,bootstrap,2.3.0,http://github.com/webjars/bootstrap
org.webjars,bootstrap,2.1.1,http://github.com/webjars/bootstrap
org.webjars,bootstrap,2.1.1,http://github.com/webjars/bootstrap
org.webjars,bootstrap,4.0.0,http://github.com/webjars/bootstrap
org.webjars.npm,thenify,3.1.0,https://github.com/thenables/thenify
org.webjars.npm,swagger-ui,2.1.3,git+https://github.com/swagger-api/swagger-ui
org.wiremock,wiremock,3.0.0-beta-11,https://github.com/wiremock/wiremock
org.wso2.carbon.registry,carbon-registry,4.6.11,https://github.com/wso2/carbon-registry.git
org.wso2.carbon.registry,carbon-registry,4.6.11,https://github.com/wso2/carbon-registry.git
org.wso2.carbon.registry,carbon-registry,4.6.11,https://github.com/wso2/carbon-registry.git
org.wso2.transport.http,org.wso2.transport.http.netty,6.0.50,https://github.com/wso2/transport-http.git
org.xbib.elasticsearch,log4j,6.3.2.1,https://github.com/jprante/elasticsearch-libs
org.wso2.am,am-parent,1.10.0,https://github.com/wso2/product-apim.git
org.xwiki.commons,xwiki-commons,3.2-milestone-3,https://github.com/xwiki/xwiki-commons
org.wiremock,wiremock-webhooks-extension,2.30.0,https://tomakehurst@github.com/tomakehurst/wiremock.git
org.wiremock,wiremock-standalone,3.0.0-beta-11,https://github.com/wiremock/wiremock
org.yamcs,yamcs,0.29.3,http://github.com/yamcs/yamcs
org.yamcs,yamcs,0.29.3,http://github.com/yamcs/yamcs
org.yamcs,yamcs,0.29.3,http://github.com/yamcs/yamcs
org.yamcs,yamcs,0.29.3,http://github.com/yamcs/yamcs
org.zaproxy,zap,2.5.0,https://github.com/zaproxy/zaproxy
org.zeroturnaround,zt-zip,1.4,scm:git:git@github.com:zeroturnaround/zt-zip.git
tech.powerjob,powerjob,3.0.0,https://github.com/PowerJob/PowerJob
tech.powerjob,powerjob,3.0.0,https://github.com/PowerJob/PowerJob
tech.powerjob,powerjob,3.0.0,https://github.com/PowerJob/PowerJob
tech.powerjob,powerjob,3.0.0,https://github.com/PowerJob/PowerJob
tech.powerjob,powerjob,3.0.0,https://github.com/PowerJob/PowerJob
tech.powerjob,powerjob,3.0.0,https://github.com/PowerJob/PowerJob
software.amazon.awssdk.iotdevicesdk,aws-iot-device-sdk,0.2.3,http://github.com/awslabs/aws-iot-device-sdk-java-v2/tree/master
software.amazon.awssdk.iotdevicesdk,aws-iot-device-sdk,0.2.3,http://github.com/awslabs/aws-iot-device-sdk-java-v2/tree/master
software.amazon.awssdk.iotdevicesdk,aws-iot-device-sdk,0.2.3,http://github.com/awslabs/aws-iot-device-sdk-java-v2/tree/master
software.amazon.awssdk.iotdevicesdk,aws-iot-device-sdk,0.2.3,http://github.com/awslabs/aws-iot-device-sdk-java-v2/tree/master
software.amazon.ion,ion-java,1.0.0,git@github.com:amznlabs/ion-java.git
top.tangyh.basic,lamp-util,3.4.0,git@github.com:zuihou/lamp-util.git
