artifact_name,release_count,cve_count,releases_with_cves,low_severity_count,medium_severity_count,high_severity_count,critical_severity_count,unknown_severity_count
ai.h2o:h2o-core,247,486,247,0,0,247,239,0
ai.djl:api,29,29,29,0,0,0,29,0
be.cylab:snakeyaml,1,1,1,0,1,0,0,0
axis:axis,13,77,13,0,39,25,13,0
cc.plural:jsonij,12,12,12,0,0,12,0,0
ca.uhn.hapi.fhir:org.hl7.fhir.dstu2016may,293,293,293,0,0,293,0,0
ca.uhn.hapi.fhir:org.hl7.fhir.validation,293,406,210,0,0,210,196,0
ch.qos.logback:logback-classic,133,168,103,0,0,103,65,0
ca.uhn.hapi.fhir:org.hl7.fhir.utilities,293,699,293,0,0,503,196,0
ca.uhn.hapi.fhir:org.hl7.fhir.convertors,293,406,210,0,0,210,196,0
ca.uhn.hapi.fhir:org.hl7.fhir.dstu3,293,293,293,0,0,293,0,0
ca.uhn.hapi.fhir:org.hl7.fhir.r5,293,699,293,0,0,503,196,0
ca.uhn.hapi.fhir:org.hl7.fhir.r4b,166,318,166,0,0,249,69,0
ca.uhn.hapi.fhir:org.hl7.fhir.r4,293,293,293,0,0,293,0,0
ch.qos.logback:logback-core,133,246,105,0,75,106,65,0
ca.uhn.hapi.fhir:hapi-fhir-base,112,30,30,0,30,0,0,0
ca.juliusdavies:not-yet-commons-ssl,2,2,2,0,2,0,0,0
ca.uhn.hapi.fhir:org.hl7.fhir.core,293,406,210,0,0,210,196,0
ca.uhn.hapi.fhir:hapi-fhir-jpaserver-base,104,38,38,0,38,0,0,0
cn.hutool:hutool-all,194,390,187,0,0,25,365,0
cn.hutool:hutool-json,194,1109,191,177,177,379,376,0
cn.hippo4j:hippo4j-all,48,90,45,0,45,45,0,0
cn.hutool:hutool-parent,194,25,25,0,0,25,0,0
cn.hutool:hutool-core,194,1330,191,0,0,954,376,0
cn.hippo4j:hippo4j-core,32,29,29,0,29,0,0,0
cn.dev33:sa-token-core,44,85,43,0,0,42,43,0
cn.hutool:hutool-http,194,157,157,0,0,0,157,0
co.elastic.apm:apm-agent-parent,75,13,13,0,0,13,0,0
com.adobe.cq:core.wcm.components.core,74,57,57,0,57,0,0,0
com.adobe.xmp:xmpcore,10,3,3,0,0,3,0,0
com.aerospike:aerospike-client,132,121,121,0,0,0,121,0
com.adobe.acs:acs-aem-commons,48,38,22,0,30,8,0,0
com.amazon.redshift:redshift-jdbc42,31,55,31,0,0,24,31,0
com.alibaba.nacos:nacos-common,69,158,51,0,80,78,0,0
com.alipay.sofa.acts:acts-common-util,1,1,1,0,1,0,0,0
com.alibaba:fastjson,340,265,250,0,0,104,161,0
com.alibaba:hessian-lite,13,12,12,0,0,0,12,0
com.alibaba:dubbo,60,104,24,0,44,0,60,0
com.amazonaws:aws-encryption-sdk-java,28,36,20,0,17,19,0,0
com.amazonaws:aws-java-sdk-s3,1858,1420,1420,0,0,1420,0,0
com.alipay.sofa:rpc-sofa-boot-starter,68,63,63,0,0,0,63,0
com.amazonaws:aws-android-sdk-mobile-client,162,143,143,0,0,0,143,0
com.alipay.sofa:hessian,25,28,22,0,0,20,8,0
com.amazon.ion:ion-java,29,23,23,0,0,23,0,0
com.amazonaws:aws-dynamodb-encryption-java,14,7,7,7,0,0,0,0
com.alibaba.nacos:nacos-client,69,51,51,0,0,51,0,0
com.alibaba.oneagent:one-java-agent-plugin,2,1,1,0,1,0,0,0
com.alibaba.nacos:nacos-spring-context,15,13,13,0,0,13,0,0
com.atlassian.connect:atlassian-connect-spring-boot,74,28,28,0,0,28,0,0
com.baomidou:mybatis-plus,115,109,109,0,0,0,109,0
com.azure:azure-identity,95,95,95,0,95,0,0,0
com.atlassian.connect:atlassian-connect-spring-boot-starter,73,27,27,0,27,0,0,0
com.azure:azure-storage-blob,77,50,50,0,50,0,0,0
com.bstek.ureport:ureport2-core,26,104,26,0,0,52,52,0
com.bstek.ureport:ureport2-console,26,52,26,0,0,26,26,0
com.bstek.uflo:uflo-core,13,13,13,0,0,0,13,0
com.bmuschko:gradle-vagrant-plugin,3,2,2,0,0,2,0,0
com.browserup:browserup-proxy,8,7,7,0,0,7,0,0
com.cedarsoftware:json-io,111,89,89,0,0,89,0,0
com.caucho:resin,11,2,2,0,0,2,0,0
com.caverock:androidsvg,7,5,5,0,0,5,0,0
com.clickhouse:clickhouse-client,27,42,21,0,21,21,0,0
com.clever-cloud:biscuit-java,26,22,22,0,0,0,22,0
com.clickhouse:clickhouse-r2dbc,12,12,6,0,6,6,0,0
com.clickhouse:clickhouse-jdbc,27,42,21,0,21,21,0,0
com.charleskorn.kaml:kaml,66,101,60,0,41,60,0,0
com.codenameone:codenameone-core,127,59,59,0,0,0,59,0
com.cronutils:cron-utils,55,98,50,0,0,0,98,0
com.coravy.hudson.plugins.github:github,2,10,2,2,4,4,0,0
com.cosium.vet:vet,27,27,27,0,27,0,0,0
com.datadoghq:datadog-api-client,38,2,2,2,0,0,0,0
com.ctrip.framework.apollo:apollo-core,21,12,12,0,0,12,0,0
com.ctrip.framework.apollo:apollo,19,63,19,0,38,19,6,0
com.diffplug.gradle:goomph,91,83,83,0,0,83,0,0
com.diffplug.spotless:spotless-maven-plugin,116,12,12,0,0,12,0,0
com.diffplug.spotless:spotless-eclipse-cdt,15,1,1,0,1,0,0,0
com.diamondq.common:common-thirdparty.jcasbin,2,1,1,0,1,0,0,0
com.ds.tools.hudson:crowd,2,2,2,0,2,0,0,0
com.drewnoakes:metadata-extractor,20,36,18,0,36,0,0,0
com.diffplug.spotless:spotless-plugin-gradle,144,28,28,0,0,28,0,0
com.diffplug.spotless:spotless-eclipse-groovy,15,2,2,0,2,0,0,0
com.diffplug.spotless:spotless-eclipse-wtp,19,1,1,0,1,0,0,0
com.epam.reportportal:service-api,33,80,32,0,32,48,0,0
com.fasterxml.woodstox:woodstox-core,34,108,27,54,27,27,0,0
com.esotericsoftware.yamlbeans:yamlbeans,9,16,8,0,8,8,0,0
com.fasterxml.jackson.dataformat:jackson-dataformat-cbor,128,46,46,0,0,46,0,0
com.fastasyncworldedit:FastAsyncWorldEdit-Bukkit,35,23,23,0,23,0,0,0
com.fasterxml.jackson.core:jackson-databind,196,6429,170,0,214,3923,2292,0
com.fasterxml.jackson.dataformat:jackson-dataformats-text,68,57,57,0,0,57,0,0
com.facebook.presto:presto-jdbc,291,287,287,0,0,287,0,0
com.exadel.flamingo.flex:amf-serializer,2,2,2,0,0,0,2,0
com.erudika:para-core,118,204,102,0,102,0,102,0
com.fasterxml.jackson.datatype:jackson-datatype-jsr310,137,80,80,0,80,0,0,0
com.fasterxml.jackson.dataformat:jackson-dataformat-xml,154,138,73,0,0,73,65,0
com.fastasyncworldedit:FastAsyncWorldEdit-Core,35,23,23,0,23,0,0,0
com.fasterxml.util:java-merge-sort,11,10,10,0,10,0,0,0
com.github.binarywang:weixin-java-common,261,129,129,0,0,0,129,0
com.github.fracpete:vfsjfilechooser2,3,2,2,0,0,2,0,0
com.github.kfcfans:powerjob,3,3,3,0,0,3,0,0
com.github.junrar:junrar,22,17,15,0,2,15,0,0
com.github.jlangch:venice,210,153,153,0,153,0,0,0
com.github.kevinsawicki:http-request,29,29,29,0,29,0,0,0
com.github.samtools:htsjdk,79,70,70,0,0,70,0,0
com.github.pagehelper:pagehelper,70,54,54,0,0,0,54,0
com.github.penggle:kaptcha,1,1,1,0,0,0,1,0
com.github.seancfoley:ipaddress,26,23,23,0,23,0,0,0
com.github.tomakehurst:wiremock-jre8,33,29,29,29,0,0,0,0
com.github.tomakehurst:wiremock-jre8-standalone,33,29,29,29,0,0,0,0
com.github.shyiko.ktlint:ktlint-core,51,49,49,0,0,49,0,0
com.github.wxpay:wxpay-sdk,3,3,3,0,0,3,0,0
com.github:hyavijava,4,4,4,0,0,0,4,0
com.glazedlists:glazedlists,1,1,1,0,0,0,1,0
com.google.code.gson:gson,36,31,31,0,0,31,0,0
com.google.cloud.tools:jib-core,26,20,20,0,0,0,20,0
com.hccake:ballcat-codegen,1,1,1,0,0,1,0,0
com.googlecode.aviator:aviator,63,7,7,0,0,0,7,0
com.google.protobuf:protobuf-kotlin-lite,73,106,73,0,33,73,0,0
com.google.guava:guava,124,272,108,108,164,0,0,0
com.guicedee.services:log4j-core,364,362,362,0,0,0,362,0
com.googlecode.gwtupload:gwtupload,10,10,10,0,10,0,0,0
com.google.protobuf:protobuf-kotlin,73,110,73,0,33,77,0,0
com.googlecode.plist:dd-plist,16,5,5,0,0,5,0,0
com.guicedee.services:commons-text,446,445,445,0,0,0,445,0
com.google.crypto.tink:tink,27,17,17,17,0,0,0,0
com.googlecode.wicket-jquery-ui:wicket-jquery-ui-parent,116,136,72,0,136,0,0,0
com.google.protobuf:protobuf-parent,138,10,10,0,0,10,0,0
com.google.gwt:gwt,34,12,12,0,12,0,0,0
com.google.protobuf:protobuf-java,151,601,149,0,108,493,0,0
com.hazelcast:hazelcast,265,1439,260,0,513,678,248,0
com.graphhopper:graphhopper-web-bundle,123,103,103,0,103,0,0,0
com.google.guava:guava-jdk5,8,8,8,0,8,0,0,0
com.graphql-java:graphql-java,1160,1389,620,0,0,1389,0,0
com.hazelcast.jet:hazelcast-jet,27,35,26,0,0,0,35,0
com.google.protobuf:protobuf-javalite,118,331,116,0,75,256,0,0
com.google.oauth-client:google-oauth-client,52,100,48,0,0,100,0,0
com.googlecode.owasp-java-html-sanitizer:owasp-java-html-sanitizer,39,46,35,11,0,0,35,0
com.googlecode.guava-osgi:guava-osgi,11,11,11,0,11,0,0,0
com.google.gerrit:gerrit-plugin-api,306,159,159,159,0,0,0,0
com.gradle:gradle-enterprise-maven-extension,105,36,36,0,0,36,0,0
com.h2database:h2,137,246,134,0,0,12,234,0
com.graphhopper:graphhopper-nav,34,7,7,0,7,0,0,0
com.ibeetl:beetl-core,18,15,15,0,0,0,15,0
com.hubspot.jinjava:jinjava,90,144,79,0,144,0,0,0
com.helger.commons:ph-json,30,21,21,0,0,21,0,0
com.ibeetl:beetl,147,133,133,0,0,0,133,0
com.hotels.styx:styx-api,22,11,11,0,11,0,0,0
com.intuit.karate:karate-core,146,4,4,0,0,4,0,0
com.jason-goodwin:authentikat-jwt_2.12,2,2,2,0,0,0,2,0
com.jcraft:jsch,24,22,22,0,22,0,0,0
com.jflyfox:jflyfox_jfinal,11,77,11,0,22,11,44,0
com.itextpdf:itextpdf,34,62,33,0,0,29,33,0
com.itextpdf:itext7-core,38,100,26,0,76,0,24,0
com.jamesmurty.utils:java-xmlbuilder,7,5,5,0,0,0,5,0
com.jsoniter:jsoniter,22,22,22,0,0,22,0,0
com.jayway.jsonpath:json-path,23,7,7,0,7,0,0,0
com.jamonapi:jamon,11,8,8,0,8,0,0,0
com.jfinal:jfinal,69,1805,60,0,670,1063,72,0
com.kitfox.svg:svg-salamander,1,1,1,0,0,1,0,0
com.liferay.portal:portal-service,26,25,25,0,0,25,0,0
com.liferay:com.liferay.portal.tools.bundle.support,37,19,19,0,19,0,0,0
com.liferay.portal:portal-impl,26,25,25,0,0,25,0,0
com.liferay.portal:release.dxp.bom,281,998,252,0,190,23,785,0
com.liferay:com.liferay.sass.compiler.jsass,2,1,1,0,1,0,0,0
com.liferay.portal:com.liferay.portal.kernel,1083,568,568,0,0,0,568,0
com.liferay.portal:release.portal.bom,140,1482,132,0,709,150,623,0
com.linecorp.centraldogma:centraldogma-server-auth-saml,91,90,90,0,0,0,90,0
com.manydesigns:portofino-core,16,10,10,0,0,0,10,0
com.linecorp.armeria:armeria-saml,118,116,116,0,0,0,116,0
com.manydesigns:portofino-dispatcher,16,10,10,0,0,0,10,0
com.lowagie:itext,21,21,21,0,0,21,0,0
com.manydesigns:portofino,34,31,31,0,0,31,0,0
com.linecorp.armeria:armeria,233,316,220,0,91,225,0,0
com.linecorp.centraldogma:centraldogma-server,111,215,108,0,107,0,108,0
com.mapbox.mapboxsdk:mapbox-android-core,23,23,23,0,0,23,0,0
com.microsoft.commondatamodel:objectmodel,37,33,33,0,33,0,0,0
com.mchange:c3p0,33,45,23,0,0,23,22,0
com.monitorjbl:xlsx-streamer,20,18,18,0,0,0,18,0
com.microsoft.azure:msal4j,51,2,2,0,2,0,0,0
com.mikesamuel:json-sanitizer,6,11,4,0,3,4,4,0
com.netflix.genie:genie-web,216,216,216,0,0,0,216,0
com.nablarch.framework:nablarch-fw-web,19,7,7,0,0,0,7,0
com.neovisionaries:nv-websocket-client,47,33,33,0,33,0,0,0
com.nepxion:discovery,438,866,433,0,433,0,433,0
com.netflix.hollow:hollow,223,154,154,0,154,0,0,0
com.networknt:light-oauth2,31,29,29,0,29,0,0,0
com.mtvi.plateng.hudson:ldapemail,6,6,6,6,0,0,0,0
com.netflix.conductor:conductor-core,338,226,226,0,0,0,226,0
com.netflix.priam:priam,265,134,134,0,134,0,0,0
com.mysql:mysql-connector-j,6,4,4,0,0,4,0,0
com.orientechnologies:orientdb-core,231,112,112,0,0,0,112,0
com.nimbusds:nimbus-jose-jwt,270,736,266,106,266,207,157,0
com.ning:async-http-client,126,170,85,0,170,0,0,0
com.opensymphony:xwork,8,4,4,0,4,0,0,0
com.orientechnologies:orientdb-server,231,51,51,0,51,0,0,0
com.pubnub:pubnub-kotlin,39,29,29,0,29,0,0,0
com.puppycrawl.tools:checkstyle,143,155,83,0,155,0,0,0
com.progsbase.libraries:JSON,3,3,3,0,0,3,0,0
com.predic8:soa-model-parent,9,6,6,0,0,0,6,0
com.owlike:genson,21,21,21,0,0,21,0,0
com.pubnub:pubnub,46,46,46,0,46,0,0,0
com.predic8:soa-model-core,12,9,9,0,0,0,9,0
com.rabbitmq.jms:rabbitmq-jms,31,19,19,0,0,19,0,0
com.rabbitmq:amqp-client,138,225,134,0,225,0,0,0
com.sap.cloud.security:java-security,90,160,80,0,0,0,160,0
com.sap.cloud.security:spring-security,68,116,58,0,0,0,116,0
com.sap.scimono:scimono-server,63,17,17,0,0,17,0,0
com.sap.cloud.security.xsuaa:spring-xsuaa,105,190,95,0,0,0,190,0
com.shopizer:sm-core-model,17,13,13,0,0,0,13,0
com.schibsted.security:strongbox-sdk,3,1,1,0,1,0,0,0
com.shopizer:shopizer,1,3,1,0,3,0,0,0
com.softwaremill.akka-http-session:core_2.11,22,21,21,0,21,0,0,0
com.softwaremill.akka-http-session:core_2.12,18,28,15,0,13,15,0,0
com.sonyericsson.hudson.plugins.rebuild:rebuild,3,6,3,0,6,0,0,0
com.sonyericsson.hudson.plugins.gerrit:gerrit-trigger,3,18,3,0,12,6,0,0
com.softwaremill.akka-http-session:core_2.13,9,4,4,0,4,0,0,0
com.squareup:connect,39,39,39,39,0,0,0,0
com.squareup.okhttp3:okhttp,92,4,4,0,4,0,0,0
com.squareup.retrofit2:retrofit,24,14,7,0,0,7,7,0
com.squareup.okio:okio,72,65,65,0,65,0,0,0
com.sun.faces:jsf-api,230,1,1,0,1,0,0,0
com.squareup.okio:okio-jvm,12,6,6,0,6,0,0,0
com.sun.el:el-ri,2,1,1,0,1,0,0,0
com.sparkjava:spark-core,25,28,18,0,18,10,0,0
com.tencyle.fixes:org.codehaus.jettison--jettison,1,1,1,0,1,0,0,0
com.twelvemonkeys.imageio:imageio-metadata,36,24,24,0,0,0,24,0
com.thoughtworks.xstream:xstream,45,1468,44,44,481,888,55,0
com.upokecenter:cbor,48,44,44,0,0,44,0,0
com.vaadin:vaadin-compatibility-server,92,68,68,0,0,68,0,0
com.vaadin:vaadin,521,590,330,330,260,0,0,0
com.typesafe.akka:akka-actor_2.12,98,16,16,0,0,0,16,0
com.vaadin:vaadin-grid-flow,370,23,23,0,23,0,0,0
com.typesafe.akka:akka-stream-kafka,1,1,1,0,1,0,0,0
com.vaadin:flow-server,393,1208,293,406,732,70,0,0
com.typesafe.akka:akka-actor_2.11,90,16,16,0,0,0,16,0
com.vaadin:vaadin-checkbox-flow,321,38,38,0,38,0,0,0
com.vaadin:flow-client,393,10,10,0,10,0,0,0
com.typesafe.akka:akka-http-core_2.13,33,31,31,0,31,0,0,0
com.vaadin:vaadin-text-field-flow,336,21,21,0,0,21,0,0
com.typesafe.play:play-ws_2.12,86,29,29,0,0,29,0,0
com.unboundid:unboundid-ldapsdk,60,30,30,0,0,0,30,0
com.usthe.sureness:sureness-core,35,33,33,0,0,0,33,0
com.vaadin:vaadin-server,248,567,210,0,431,136,0,0
com.typesafe.play:play_2.12,84,144,78,0,125,19,0,0
com.typesafe.akka:akka-http-core,1,2,1,0,2,0,0,0
com.twitter:twitter-server_2.12,66,47,47,0,47,0,0,0
com.typesafe.play:play_2.13,52,49,34,0,34,15,0,0
com.typesafe.akka:akka-http-core_2.12,60,70,59,0,59,11,0,0
com.vaadin:vaadin-bom,596,1323,291,125,827,371,0,0
com.typesafe.akka:akka-http-core_2.11,58,91,58,0,58,33,0,0
com.whaleal.icefrog:icefrog-all,12,11,11,0,11,0,0,0
com.webauthn4j:webauthn4j-spring-security-core,10,9,9,0,9,0,0,0
com.wire:lithium,26,10,10,0,0,10,0,0
com.virjar:ratel-api,10,10,10,0,10,0,0,0
com.wix:wix-embedded-mysql,42,42,42,0,0,0,42,0
com.wutka:jox,1,1,1,0,1,0,0,0
com.xuxueli:xxl-job,27,259,27,0,103,156,0,0
com.xuxueli:xxl-job-core,27,127,27,27,24,52,24,0
com.xuxueli:xxl-rpc-core,12,24,12,0,0,0,24,0
com.xnx3.wangmarket:wangmarket,4,4,4,0,4,0,0,0
com.yahoo.elide:elide-datastore-aggregation,53,1,1,0,0,1,0,0
com.yahoo.elide:elide-core,211,140,140,0,0,140,0,0
com.zaxxer:nuprocess,29,12,12,0,0,12,0,0
commons-beanutils:commons-beanutils,22,26,18,0,0,26,0,0
commons-jxpath:commons-jxpath,4,8,4,0,4,0,4,0
commons-jelly:commons-jelly,60,39,39,0,0,0,39,0
commons-collections:commons-collections,17,24,12,0,0,12,12,0
de.averbis.textanalysis:pear-archetype,6,1,1,0,0,0,1,0
de.codecentric:spring-boot-admin,123,91,91,0,0,91,0,0
commons-fileupload:commons-fileupload,14,57,13,5,0,41,11,0
commons-httpclient:commons-httpclient,36,6,6,0,6,0,0,0
de.codecentric:spring-boot-admin-server,123,103,103,0,0,103,0,0
commons-net:commons-net,25,21,21,0,21,0,0,0
commons-io:commons-io,29,16,16,0,16,0,0,0
de.grobmeier.json:jjson,3,3,3,0,0,3,0,0
de.mhus.ports:vaadin-shared-deps,11,11,11,0,11,0,0,0
de.ipb-halle:molecularfaces,3,1,1,0,1,0,0,0
de.gematik.refv.commons:commons,17,17,17,0,0,17,0,0
de.tum.in.ase:artemis-java-test-sandbox,45,180,41,0,0,180,0,0
de.tudarmstadt.ukp.dkpro.core:de.tudarmstadt.ukp.dkpro.core.api.datasets-asl,5,5,5,0,0,5,0,0
dnsjava:dnsjava,30,38,30,0,8,30,0,0
dom4j:dom4j,18,34,17,0,0,17,17,0
edu.stanford.nlp:stanford-parser,17,17,17,0,0,0,17,0
eu.hinsch:spring-boot-actuator-logview,15,14,14,0,0,14,0,0
edu.stanford.nlp:stanford-corenlp,35,131,27,0,27,25,79,0
edu.vt.middleware:vt-ldap,9,7,7,0,7,0,0,0
edu.gemini:gsp-graphql-core_2.13,89,89,89,0,0,89,0,0
edu.gemini:gsp-graphql-core_native0.4_3,2,2,2,0,0,2,0,0
edu.gemini:gsp-graphql-core_native0.4_2.13,2,2,2,0,0,2,0,0
edu.gemini:gsp-graphql-core_sjs1_3,2,2,2,0,0,2,0,0
edu.gemini:gsp-graphql-core_3,45,45,45,0,0,45,0,0
edu.gemini:gsp-graphql-core_sjs1_2.13,2,2,2,0,0,2,0,0
fish.payara.api:payara-bom,45,20,20,0,0,20,0,0
fr.turri:aXMLRPC,9,6,6,0,0,0,6,0
geronimo:geronimo-console-standard,4,2,2,0,2,0,0,0
hudson.plugins.filesystem_scm:filesystem_scm,5,5,5,0,5,0,0,0
hudson.plugins.klaros:klaros-testmanagement,2,2,2,0,2,0,0,0
io.apiman:apiman-distro-vertx,37,29,29,0,0,29,0,0
hudson.plugins.sctmexecutor:SCTMExecutor,10,10,10,0,10,0,0,0
io.airlift:aircompressor,24,24,24,0,0,24,0,0
io.apiman:apiman-gateway-platforms-vertx,8,8,8,0,0,8,0,0
io.antmedia:ant-media-server,58,67,58,0,58,9,0,0
io.apiman:apiman-manager-api-rest-impl,78,100,74,0,74,26,0,0
hudson.plugins:starteam,7,7,7,0,0,7,0,0
io.arrow-kt:arrow-ank-gradle,19,3,3,0,3,0,0,0
io.atomix:atomix,102,672,96,0,288,384,0,0
io.dataease:dataease-plugin-common,37,127,30,0,13,70,44,0
io.dropwizard:dropwizard-validation,205,101,101,0,0,101,0,0
io.digdag:digdag-server,8,7,7,0,7,0,0,0
io.fabric8:kubernetes-client,290,55,53,0,22,33,0,0
io.fabric8:fabric8-maven-plugin,460,10,10,0,0,10,0,0
io.fusionauth:fusionauth-java-client,60,5,5,0,0,5,0,0
io.github.1tchy.java9modular.org.apache.commons:commons-compress,3,1,1,0,0,1,0,0
io.github.classgraph:classgraph,246,189,189,0,189,0,0,0
io.github.javaezlib:JavaEZ,5,1,1,0,0,1,0,0
io.github.karlatemp:unsafe-accessor,10,5,5,0,5,0,0,0
io.github.skylot:jadx-plugins-api,13,10,10,0,10,0,0,0
io.github.skylot:jadx-core,13,22,13,13,9,0,0,0
io.github.talelin:lin-cms-core,13,26,13,0,13,13,0,0
io.gitlab.arturbosch.detekt:detekt-core,88,70,70,0,0,70,0,0
io.gravitee.apim:gravitee-api-management,228,68,68,0,0,68,0,0
io.hawt:project,188,457,161,0,161,199,97,0
io.hawt:hawtio-core,165,123,123,0,0,0,123,0
io.grpc:grpc-protobuf,158,408,136,0,136,272,0,0
io.jsonwebtoken:jjwt-impl,20,20,20,0,20,0,0,0
io.jooby:jooby,78,30,30,0,30,0,0,0
io.jstach:jstachio,32,21,21,0,21,0,0,0
io.jooby:jooby-netty,78,15,15,0,0,0,15,0
io.ktor:ktor-client-cio,68,21,21,21,0,0,0,0
io.ktor:ktor-server-cio,67,20,20,20,0,0,0,0
io.kroxylicious:kroxylicious-runtime,4,4,4,0,0,4,0,0
io.ktor:ktor,68,96,48,0,96,0,0,0
io.kubernetes:client-java,59,53,29,0,29,24,0,0
io.ktor:ktor-client-core,68,21,21,0,21,0,0,0
io.micronaut.security:micronaut-security-oauth2,108,37,37,0,37,0,0,0
io.netty:netty-codec-haproxy,153,129,129,0,129,0,0,0
io.micronaut:micronaut-http-server-tck,81,3,3,0,3,0,0,0
io.micronaut:micronaut-http-server-netty,221,221,143,0,143,78,0,0
io.netty:netty-all,196,159,127,0,32,127,0,0
io.micronaut:micronaut-http-server,221,143,143,0,143,0,0,0
io.micronaut:micronaut-http,221,105,105,0,105,0,0,0
io.netty:netty-codec,204,302,161,0,0,302,0,0
io.netty:netty-codec-http2,122,185,112,0,73,112,0,0
io.netty:netty-handler,204,527,193,0,405,122,0,0
io.netty:netty-codec-http,204,635,201,0,518,0,117,0
io.micronaut:micronaut-http-client,221,31,31,0,0,0,31,0
io.netty.incubator:netty-incubator-codec-bhttp,8,8,8,0,0,8,0,0
io.netty:netty-parent,204,29,29,0,0,29,0,0
io.netty.incubator:netty-incubator-codec-ohttp,8,6,6,0,6,0,0,0
io.netty:netty,71,576,71,0,306,199,71,0
io.pebbletemplates:pebble,27,23,23,0,0,0,23,0
io.quarkus.resteasy.reactive:resteasy-reactive,207,324,195,0,195,129,0,0
io.projectreactor.netty:reactor-netty-core,64,52,52,0,0,52,0,0
io.quarkus:quarkus-cache,254,22,22,0,22,0,0,0
io.pebbletemplates:pebble-project,21,15,15,0,0,0,15,0
io.prometheus.jmx:jmx_prometheus_httpserver,25,1,1,0,1,0,0,0
io.prestosql:presto-server,51,37,37,0,0,37,0,0
io.pivotal.spring.cloud:spring-cloud-sso-connector,8,1,1,0,0,1,0,0
io.projectreactor.netty:reactor-netty-http,64,65,52,0,13,52,0,0
io.quarkus.resteasy.reactive:resteasy-reactive-common,207,137,137,137,0,0,0,0
io.prometheus.jmx:jmx_prometheus_httpserver_java6,4,4,4,0,4,0,0,0
io.projectreactor.netty:reactor-netty,114,11,11,0,0,11,0,0
io.quarkus:quarkus-vertx-http,272,562,217,0,172,390,0,0
io.ratpack:ratpack-session,101,191,68,55,136,0,0,0
io.ratpack:ratpack-groovy,101,55,55,55,0,0,0,0
io.quarkus:quarkus-resteasy-reactive-common,207,188,188,0,188,0,0,0
io.quarkus:quarkus-csrf-reactive,108,53,53,0,0,53,0,0
io.ratpack:ratpack-core,101,259,68,0,62,129,68,0
io.quarkus:quarkus-oidc,269,168,168,0,0,168,0,0
io.smallrye:smallrye-health-ui,27,14,14,0,14,0,0,0
io.quarkus:quarkus-resteasy-reactive-common-deployment,207,188,188,0,188,0,0,0
io.quarkus:quarkus-core-parent,291,4,4,0,0,0,4,0
io.smallrye.config:smallrye-config,95,4,4,0,4,0,0,0
io.quarkus:quarkus-vertx-http-deployment,272,172,172,0,0,0,172,0
io.quarkus:quarkus-undertow,291,236,236,0,0,236,0,0
io.quarkus:quarkus-keycloak-authorization,265,210,210,0,0,210,0,0
io.quarkus:quarkus-project,58,27,27,0,0,27,0,0
io.quarkus:quarkus-core,291,502,289,0,213,289,0,0
io.quarkus:quarkus-kubernetes-deployment,289,276,276,276,0,0,0,0
io.quarkus:quarkus-smallrye-graphql-client,181,150,150,0,0,150,0,0
io.strimzi:strimzi,50,50,50,0,0,50,0,0
io.springfox:springfox-swagger-ui,24,17,17,0,0,0,17,0
io.socket:socket.io-client,15,13,13,0,0,13,0,0
io.swagger:swagger-codegen,54,78,31,31,31,16,0,0
io.swagger:swagger-parser,73,62,31,0,0,62,0,0
io.spray:spray-json_2.11,8,12,6,0,0,12,0,0
io.spray:spray-json_2.10,9,14,7,0,0,14,0,0
io.spray:spray-json_2.12,5,6,3,0,0,6,0,0
io.takari:commons-compress,1,1,1,0,1,0,0,0
io.whitesource:curekit,8,6,6,0,0,6,0,0
io.vertx:vertx-core,150,73,40,0,73,0,0,0
io.vertx:vertx-stomp,117,90,90,0,90,0,0,0
io.undertow:undertow-core,316,7872,316,0,2974,4128,770,0
io.undertow:undertow-parent,316,292,292,0,0,292,0,0
io.vertx:vertx-web,120,126,81,0,34,26,66,0
io.vertx:vertx-grpc-client,27,27,27,0,27,0,0,0
io.vertx:vertx-grpc-server,27,27,27,0,27,0,0,0
io.undertow:undertow-servlet,316,239,239,0,0,239,0,0
junit:junit,32,18,18,0,18,0,0,0
log4j:log4j,14,68,14,0,0,27,41,0
ml.shifu:shifu,9,9,9,0,9,0,0,0
ml.combust.mleap:mleap-runtime_2.12,13,12,12,0,0,12,0,0
mysql:mysql-connector-java,92,454,86,53,278,123,0,0
net.bull.javamelody:javamelody-core,90,201,65,0,86,0,115,0
net.bramp.ffmpeg:ffmpeg,10,9,9,0,0,0,9,0
net.hasor:cobble-lang,18,10,10,0,10,0,0,0
net.lingala.zip4j:zip4j,51,101,48,0,101,0,0,0
net.minidev:json-smart-mini,3,2,2,0,2,0,0,0
net.minidev:json-smart,33,48,28,0,15,33,0,0
net.mingsoft:ms-basic,74,109,56,0,53,56,0,0
net.opentsdb:opentsdb,13,75,13,0,16,13,46,0
net.mingsoft:ms-mcms,27,492,26,23,37,203,229,0
net.liftweb:lift-webkit,23,23,23,0,23,0,0,0
net.pwall.json:jsonutil,10,9,9,0,0,0,9,0
net.sourceforge.htmlunit:neko-htmlunit,48,42,38,0,0,42,0,0
net.sf.sojo:sojo,4,4,4,0,0,4,0,0
net.sourceforge.collections:collections-generic,1,1,1,0,0,0,1,0
net.sourceforge.plantuml:plantuml-mit,11,4,2,0,2,2,0,0
net.snowflake:snowflake-jdbc,159,146,146,0,0,146,0,0
net.sourceforge.htmlcleaner:htmlcleaner,29,28,28,0,0,28,0,0
net.sf.mpxj:mpxj,186,361,154,154,107,0,100,0
net.sourceforge.pmd:pmd-core,95,33,33,0,0,33,0,0
net.sourceforge.plantuml:plantuml,255,99,99,0,0,99,0,0
net.sourceforge.htmlunit:htmlunit,78,118,78,0,0,40,78,0
nl.basjes.parse.useragent:yauaa-beam-sql,49,9,9,0,0,9,0,0
no.priv.garshol.duke:duke,4,4,4,0,0,0,4,0
nl.basjes.parse.useragent:yauaa-flink,85,9,9,0,0,9,0,0
nl.basjes.parse.useragent:yauaa,102,9,9,0,0,9,0,0
nl.basjes.parse.useragent:yauaa-logparser,98,9,9,0,0,9,0,0
opensymphony:oscore,2,2,2,0,0,0,2,0
nl.basjes.parse.useragent:yauaa-beam,85,9,9,0,0,9,0,0
nl.basjes.parse.useragent:yauaa-elasticsearch-8,35,9,9,0,0,9,0,0
nl.basjes.parse.useragent:yauaa-flink-table,66,9,9,0,0,9,0,0
nl.basjes.parse.useragent:yauaa-trino,37,9,9,0,0,9,0,0
nl.basjes.parse.useragent:yauaa-hive,85,9,9,0,0,9,0,0
nl.basjes.parse.useragent:yauaa-snowflake,45,9,9,0,0,9,0,0
opensymphony:xwork,24,17,17,0,17,0,0,0
nl.basjes.parse.useragent:yauaa-drill,78,9,9,0,0,9,0,0
ognl:ognl,96,27,27,0,27,0,0,0
nl.basjes.parse.useragent:yauaa-elasticsearch,53,9,9,0,0,9,0,0
org.apache.ant:ant,39,92,34,0,91,1,0,0
org.acegisecurity:acegi-security,10,8,8,0,8,0,0,0
org.apache.activemq:activemq-parent,83,193,58,15,119,58,1,0
org.apache.calcite:calcite-druid,29,18,18,0,18,0,0,0
org.apache.archiva:archiva-common,36,82,36,0,48,34,0,0
org.alluxio:alluxio-core-common,79,48,48,0,0,0,48,0
org.apache.activemq:artemis-commons,56,8,8,0,8,0,0,0
org.apache.activemq:artemis-server,56,44,44,0,44,0,0,0
org.apache.activemq:apache-activemq,83,90,74,0,16,74,0,0
org.apache.activemq:artemis-native,23,16,16,0,0,16,0,0
org.apache.bookkeeper:bookkeeper-common,38,26,26,0,26,0,0,0
org.apache.accumulo:accumulo-shell,24,1,1,0,0,0,1,0
org.apache.atlas:apache-atlas,17,32,16,0,24,8,0,0
org.apache.brooklyn:brooklyn,9,6,3,0,3,3,0,0
org.apache.activemq:artemis-openwire-protocol,56,34,34,0,0,34,0,0
org.apache.ambari:ambari,2,9,2,0,9,0,0,0
org.apache.beam:beam-sdks-java-io-mongodb,60,7,7,0,0,7,0,0
org.apache.atlas:atlas-common,16,15,3,0,10,5,0,0
org.apache.axis:axis,1,5,1,0,3,1,1,0
org.apache.activemq:apache-artemis,56,49,34,0,15,34,0,0
org.apache.activemq:activemq-openwire-generator,83,9,9,9,0,0,0,0
org.apache.avro:avro,32,31,31,0,0,31,0,0
org.apache.calcite.avatica:avatica-core,17,13,13,0,0,13,0,0
org.alluxio:alluxio-parent,79,75,61,0,14,0,61,0
org.apache.activemq:activemq-core,16,46,16,0,46,0,0,0
org.apache.activemq:apollo-project,15,8,8,0,0,0,8,0
org.apache.activemq:activemq-web-console,83,105,53,0,105,0,0,0
org.apache.activemq:activemq-web-demo,83,16,16,0,16,0,0,0
org.apache.axis2:axis2,31,72,28,0,72,0,0,0
org.apache.archiva:archiva,36,213,36,0,135,78,0,0
org.apache.accumulo:accumulo-master,30,20,20,0,0,20,0,0
org.apache.calcite:calcite-splunk,39,28,28,0,28,0,0,0
org.apache-extras.beanshell:bsh,2,1,1,0,0,1,0,0
org.apache.activemq:artemis-pom,56,4,4,0,0,4,0,0
org.apache.activemq:activemq-openwire-legacy,67,59,59,0,0,0,59,0
org.apache.activemq:activemq-jaas,83,37,19,0,19,18,0,0
org.apache.activemq:activemq-broker,67,13,5,0,5,4,4,0
org.apache.calcite:calcite-core,39,62,34,0,28,0,34,0
org.apache.any23:apache-any23,13,45,13,0,13,0,32,0
org.apache.activemq:activemq-client,67,264,59,0,94,75,95,0
org.apache.activemq:artemis-core-client,56,76,38,0,38,38,0,0
org.apache.bcel:bcel,15,9,9,0,0,0,9,0
org.apache.cayenne:cayenne-parent,50,32,32,0,0,32,0,0
org.apache.camel:camel-jira,159,69,69,69,0,0,0,0
org.apache.camel:camel-hessian,51,19,19,0,0,0,19,0
org.apache.camel:camel,224,137,137,0,0,137,0,0
org.apache.camel:camel-http-common,154,1,1,0,0,1,0,0
org.apache.camel:camel-servlet,221,66,66,0,0,66,0,0
org.apache.cassandra:apache-cassandra,200,42,42,0,0,42,0,0
org.apache.camel:camel-core,234,720,225,81,190,444,5,0
org.apache.camel:camel-xstream,215,76,76,0,0,0,76,0
org.apache.camel:camel-ahc,175,52,52,0,0,52,0,0
org.apache.camel:camel-http4,124,62,62,0,0,62,0,0
org.apache.camel:camel-management,92,5,5,0,0,5,0,0
org.apache.cassandra:cassandra-all,258,369,220,0,61,97,211,0
org.apache.camel:camel-rabbitmq,161,79,79,0,0,79,0,0
org.apache.camel:camel-xmljson,84,84,84,0,0,84,0,0
org.apache.camel:camel-jetty,232,77,77,0,0,77,0,0
org.apache.camel:camel-sql,231,81,81,0,0,81,0,0
org.apache.camel:camel-mail,234,7,7,0,7,0,0,0
org.apache.camel:camel-robotframework,92,7,7,0,0,7,0,0
org.apache.camel:camel-castor,122,90,90,0,0,0,90,0
org.apache.camel:camel-http,230,79,79,0,0,79,0,0
org.apache.camel:camel-snakeyaml,148,7,7,0,0,0,7,0
org.apache.cayenne:cayenne-server,50,42,42,0,0,42,0,0
org.apache.camel:camel-cassandraql,161,81,81,0,0,81,0,0
org.apache.camel:camel-netty,213,3,3,0,0,0,3,0
org.apache.camel:camel-ldap,229,187,187,0,0,0,187,0
org.apache.camel:camel-jackson,222,80,80,0,0,0,80,0
org.apache.cxf.fediz:fediz-core,30,9,9,0,0,9,0,0
org.apache.cxf:cxf-rt-rs-service-description,96,96,96,0,96,0,0,0
org.apache.dolphinscheduler:dolphinscheduler-server,32,8,8,0,0,8,0,0
org.apache.cxf.fediz:fediz-jetty8,11,10,8,0,2,8,0,0
org.apache.cxf.fediz:fediz-spring,25,36,17,0,15,21,0,0
org.apache.cxf:cxf-rt-rs-security-jose,92,92,92,0,92,0,0,0
org.apache.cxf:cxf-rt-rs-security-sso-saml,132,45,45,0,45,0,0,0
org.apache.ddlutils:ddlutils,1,1,1,0,0,0,1,0
org.apache.directory.studio:org.apache.directory.studio.parent,8,7,7,0,0,7,0,0
org.apache.geode:geode-core,44,285,43,0,117,126,42,0
org.apache.cxf.fediz:fediz-spring2,20,46,17,0,25,21,0,0
org.apache.druid.extensions:druid-pac4j,21,21,21,21,0,0,0,0
org.apache.druid:druid-core,24,32,17,0,32,0,0,0
org.apache.cxf:cxf-rt-management,200,161,161,0,161,0,0,0
org.apache.cxf.fediz:fediz-spring3,7,7,4,0,3,4,0,0
org.apache.directory.api:apache-ldap-api,40,24,24,0,0,0,24,0
org.apache.drill:drill-common,24,11,11,0,11,0,0,0
org.apache.directory.studio:org.apache.directory.studio.ldapbrowser.core,8,1,1,0,0,1,0,0
org.apache.commons:commons-io,1,1,1,0,1,0,0,0
org.apache.cxf:cxf-rt-transports-http,200,30,30,9,21,0,0,0
org.apache.dolphinscheduler:dolphinscheduler-task-api,33,33,33,0,0,0,33,0
org.apache.dubbo:dubbo-rpc-http-invoker,2,2,2,0,2,0,0,0
org.apache.cxf:cxf-rt-frontend-jaxrs,192,137,79,0,118,19,0,0
org.apache.deltaspike.modules:jsf-module-project,36,26,26,0,26,0,0,0
org.apache.cxf:cxf-core,96,388,93,0,82,131,175,0
org.apache.druid:druid,31,101,31,31,41,29,0,0
org.apache.flex.blazeds:flex-messaging-core,5,3,3,0,0,0,3,0
org.apache.derby:derby,29,90,28,0,34,7,49,0
org.apache.dolphinscheduler:dolphinscheduler-master,22,40,21,0,0,40,0,0
org.apache.dubbo:dubbo-parent,73,20,11,0,0,0,20,0
org.apache.commons:commons-text,13,5,5,0,0,0,5,0
org.apache.geronimo.framework:geronimo-jmx-remoting,15,3,3,0,0,3,0,0
org.apache.commons:commons-collections4,6,2,1,0,0,1,1,0
org.apache.cxf:apache-cxf,200,1127,172,0,482,645,0,0
org.apache.dolphinscheduler:dolphinscheduler-service,41,29,29,0,29,0,0,0
org.apache.drill.exec:drill-java-exec,24,6,6,0,0,6,0,0
org.apache.flink:flink-core,121,73,73,0,73,0,0,0
org.apache.deltaspike:deltaspike,24,20,20,0,20,0,0,0
org.apache.dolphinscheduler:dolphinscheduler-dao,45,33,33,0,33,0,0,0
org.apache.dolphinscheduler:dolphinscheduler-common,45,52,33,0,33,19,0,0
org.apache.eventmesh:eventmesh-connector-rabbitmq,3,2,2,0,0,0,2,0
org.apache.commons:commons-configuration2,13,33,12,0,24,0,9,0
org.apache.flink:flink-runtime_2.11,71,3,3,0,0,3,0,0
org.apache.dubbo:dubbo-common,73,8,8,0,0,0,8,0
org.apache.geronimo.plugins:console,15,12,4,0,8,4,0,0
org.apache.cxf.fediz:fediz-idp,30,9,9,0,0,9,0,0
org.apache.cxf.karaf:apache-cxf,162,96,96,0,0,96,0,0
org.apache.cxf.fediz:fediz-jetty9,16,10,8,0,2,8,0,0
org.apache.dolphinscheduler:dolphinscheduler,45,292,45,0,78,165,49,0
org.apache.directory.api:api-ldap-model,40,17,17,0,0,17,0,0
org.apache.flex.blazeds:flex-messaging-remoting,5,3,3,0,0,0,3,0
org.apache.commons:commons-compress,31,157,29,0,30,127,0,0
org.apache.flink:flink-runtime_2.12,37,3,3,0,0,3,0,0
org.apache.commons:commons-email,9,14,7,0,0,14,0,0
org.apache.cxf:cxf,200,1441,172,0,558,718,165,0
org.apache.flume.flume-ng-sources:flume-jms-source,12,30,11,0,0,9,21,0
org.apache.dubbo:dubbo,73,256,54,0,27,33,196,0
org.apache.cxf.fediz:fediz-oidc,16,2,2,0,0,2,0,0
org.apache.dolphinscheduler:dolphinscheduler-api,43,86,42,0,86,0,0,0
org.apache.felix:org.apache.felix.healthcheck.webconsoleplugin,5,3,3,0,3,0,0,0
org.apache.dolphinscheduler:dolphinscheduler-alert-plugins,31,5,5,0,0,0,5,0
org.apache.cxf:cxf-rt-ws-security,200,88,88,0,88,0,0,0
org.apache.hbase:hbase-thrift,206,105,105,0,0,105,0,0
org.apache.kerby:ldap-backend,10,9,9,0,0,0,9,0
org.apache.james:james-project,28,12,12,0,0,12,0,0
org.apache.hive:hive,34,99,29,25,27,47,0,0
org.apache.hadoop:hadoop-main,79,272,58,0,76,194,2,0
org.apache.httpcomponents:httpclient,55,153,53,0,130,22,1,0
org.apache.gobblin:gobblin-core,6,8,4,0,4,0,4,0
org.apache.linkis:linkis-engineconn,11,8,8,0,0,0,8,0
org.apache.hop:hop,7,6,6,0,6,0,0,0
org.apache.karaf:karaf,109,77,77,0,77,0,0,0
org.apache.jackrabbit:jackrabbit-standalone,10,10,10,0,0,0,10,0
org.apache.inlong:manager-pojo,9,57,9,0,4,28,25,0
org.apache.james:apache-mime4j-storage,14,12,12,0,12,0,0,0
org.apache.inlong:manager-test,11,6,3,0,0,6,0,0
org.apache.ignite:ignite-core,40,86,24,0,12,14,60,0
org.apache.hadoop:hadoop-client,88,114,41,0,65,42,7,0
org.apache.livy:livy-server,5,1,1,0,1,0,0,0
org.apache.iotdb:iotdb-server,38,30,24,0,0,30,0,0
org.apache.james:james-server,24,146,22,0,86,23,37,0
org.apache.jena:jena-fuseki,50,23,23,0,23,0,0,0
org.apache.ivy:ivy,19,34,18,0,0,31,3,0
org.apache.inlong:manager-service,16,35,6,0,4,16,15,0
org.apache.inlong:inlong,15,18,7,0,4,9,5,0
org.apache.kafka:connect,31,23,23,0,0,23,0,0
org.apache.helix:helix,34,52,34,0,18,34,0,0
org.apache.jackrabbit:jackrabbit-webdav,221,26,26,0,0,26,0,0
org.apache.james:javax-mail-extension,15,11,11,0,0,11,0,0
org.apache.kylin:kylin-core-common,43,99,41,0,0,60,39,0
org.apache.jackrabbit:jackrabbit-core,241,69,69,0,69,0,0,0
org.apache.hbase:hbase,250,42,42,0,0,42,0,0
org.apache.helix:helix-rest,22,20,20,0,0,20,0,0
org.apache.james:apache-mime4j-core,14,13,13,0,13,0,0,0
org.apache.jackrabbit:jackrabbit-standalone-components,48,34,34,0,0,0,34,0
org.apache.juddi:juddi-client,29,11,11,0,4,7,0,0
org.apache.kylin:kylin,50,325,47,0,209,116,0,0
org.apache.heron:heron-simulator,5,2,2,0,0,2,0,0
org.apache.logging.log4j:log4j,65,58,42,41,0,0,17,0
org.apache.hadoop:hadoop-ozone-ozone-manager,5,5,5,0,0,5,0,0
org.apache.johnzon:johnzon-mapper,53,50,50,0,50,0,0,0
org.apache.logging.log4j:log4j-core,65,237,50,41,41,59,96,0
org.apache.hive:hive-jdbc,40,54,30,0,30,0,24,0
org.apache.jena:jena-sdb,29,29,29,0,0,0,29,0
org.apache.jmeter:ApacheJMeter,28,38,14,0,0,0,38,0
org.apache.isis.core:isis-core,6,9,5,0,9,0,0,0
org.apache.jackrabbit:jackrabbit,13,8,8,0,8,0,0,0
org.apache.hive:hive-service,40,65,24,37,4,24,0,0
org.apache.geronimo:geronimo,18,13,13,0,0,13,0,0
org.apache.linkis:linkis-engineplugin-spark,11,11,11,0,0,11,0,0
org.apache.iotdb:flink-tsfile-connector,31,8,8,0,0,8,0,0
org.apache.jena:jena,49,69,45,0,44,24,1,0
org.apache.kylin:kylin-spark-project,6,4,4,0,0,0,4,0
org.apache.kafka:kafka-metadata,24,4,4,0,4,0,0,0
org.apache.inlong:manager-workflow,11,5,5,0,0,5,0,0
org.apache.inlong:inlong-common,15,7,7,0,0,7,0,0
org.apache.guacamole:guacamole-common,13,9,5,0,0,4,0,5
org.apache.karaf.management:org.apache.karaf.management.server,97,157,86,0,71,86,0,0
org.apache.inlong:manager-web,15,24,5,0,2,11,11,0
org.apache.inlong:tubemq-core,15,2,2,0,0,2,0,0
org.apache.hadoop:hadoop-yarn-server-common,79,46,46,0,0,46,0,0
org.apache.inlong:manager-common,16,11,7,0,0,8,3,0
org.apache.kafka:kafka_2.13,35,10,10,0,10,0,0,0
org.apache.inlong:manager-dao,16,16,5,0,2,6,8,0
org.apache.jackrabbit:oak-core,297,28,28,0,0,28,0,0
org.apache.karaf:apache-karaf,109,523,100,0,292,131,100,0
org.apache.jackrabbit:jackrabbit-webapp,225,211,211,0,0,0,211,0
org.apache.helix:helix-core,34,32,32,0,0,32,0,0
org.apache.hadoop:hadoop-yarn-server,79,68,68,0,0,68,0,0
org.apache.hugegraph:hugegraph-core,3,2,2,0,0,0,2,0
org.apache.karaf.specs:org.apache.karaf.specs.java.xml,35,2,2,0,0,0,2,0
org.apache.iotdb:tsfile,38,8,8,0,0,8,0,0
org.apache.karaf:cave,8,6,6,0,0,0,6,0
org.apache.hugegraph:hugegraph-api,3,4,2,0,0,2,2,0
org.apache.guacamole:guacamole-common-js,15,7,7,0,0,0,0,7
org.apache.kafka:kafka-clients,66,27,27,0,27,0,0,0
org.apache.iotdb:iotdb-grafana-connector,17,5,4,0,0,1,4,0
org.apache.hadoop:hadoop-common,80,473,79,91,58,127,197,0
org.apache.inlong:inlong-manager,16,9,7,0,4,5,0,0
org.apache.jspwiki:jspwiki-main,14,132,14,0,103,21,8,0
org.apache.linkis:linkis,11,76,11,0,39,13,24,0
org.apache.hama:hama-core,10,10,10,0,0,10,0,0
org.apache.heron:heron-api,7,6,6,0,0,0,6,0
org.apache.james.hupa:hupa-parent,2,1,1,0,1,0,0,0
org.apache.jena:jena-core,50,36,36,0,0,36,0,0
org.apache.linkis:linkis-datasource,10,21,10,0,2,12,7,0
org.apache.iotdb:iotdb-parent,38,23,20,0,0,23,0,0
org.apache.juddi:juddi-core,27,26,26,0,0,0,26,0
org.apache.kafka:kafka_2.12,57,19,19,0,19,0,0,0
org.apache.hadoop:hadoop-yarn-server-nodemanager,79,8,8,0,0,0,8,0
org.apache.hugegraph:hugegraph-hubble,3,2,2,0,2,0,0,0
org.apache.kylin:kylin-server-base,37,142,36,0,21,0,121,0
org.apache.hadoop:hadoop-yarn-project,76,4,4,0,0,4,0,0
org.apache.knox:gateway-service-knoxsso,19,17,17,0,17,0,0,0
org.apache.jspwiki:jspwiki-war,20,109,18,0,101,8,0,0
org.apache.karaf.config:org.apache.karaf.config.core,71,41,41,0,41,0,0,0
org.apache.kafka:kafka_2.11,33,11,11,0,11,0,0,0
org.apache.hive:hive-exec,40,92,27,37,4,51,0,0
org.apache.nifi:nifi-web-ui,66,32,32,0,32,0,0,0
org.apache.nifi:nifi-dbcp-service-bundle,63,3,3,0,3,0,0,0
org.apache.poi:poi-scratchpad,61,63,56,0,63,0,0,0
org.apache.nifi:nifi,66,436,58,0,179,231,26,0
org.apache.rave:rave-portal-resources,19,8,8,0,8,0,0,0
org.apache.maven:maven-compat,62,38,38,0,0,0,38,0
org.apache.pulsar:pulsar-broker,65,167,63,0,156,11,0,0
org.apache.nifi:nifi-jms-bundle,56,30,30,0,30,0,0,0
org.apache.nifi:nifi-jolt-transform-json-ui,54,52,52,0,0,52,0,0
org.apache.nifi:nifi-security-utils,66,40,40,0,0,40,0,0
org.apache.pulsar:pulsar-broker-auth-sasl,51,41,41,0,0,41,0,0
org.apache.maven.plugins:maven-archetype-plugin,20,1,1,1,0,0,0,0
org.apache.portals.pluto:pluto-portal,12,30,10,0,30,0,0,0
org.apache.mesos:mesos,187,832,179,0,171,661,0,0
org.apache.myfaces.core:myfaces-core-module,73,54,54,0,0,54,0,0
org.apache.ranger:ranger-hive-plugin,14,4,4,0,0,4,0,0
org.apache.nifi:nifi-single-user-utils,21,5,5,0,5,0,0,0
org.apache.pdfbox:pdfbox,71,176,54,0,151,24,1,0
org.apache.pulsar:pulsar-client,65,38,38,0,38,0,0,0
org.apache.rocketmq:rocketmq-broker,32,12,12,0,9,0,3,0
org.apache.ranger:ranger-plugins-common,14,3,3,0,3,0,0,0
org.apache.myfaces.core:myfaces-impl,117,32,31,0,32,0,0,0
org.apache.nifi:nifi-record-serialization-services,43,38,38,0,0,38,0,0
org.apache.pinot:pinot,19,27,14,0,0,13,14,0
org.apache.nifi:nifi-jms-processors,56,54,52,0,3,51,0,0
org.apache.olingo:odata-server-core,24,8,8,0,8,0,0,0
org.apache.qpid:qpid-broker-plugins-amqp-1-0-protocol,55,8,8,0,0,0,8,0
org.apache.mina:mina-core,67,101,53,0,53,48,0,0
org.apache.ranger:ranger,14,30,10,0,16,9,5,0
org.apache.santuario:xmlsec,61,151,53,0,110,41,0,0
org.apache.qpid:qpid-jms-client,72,9,9,0,0,9,0,0
org.apache.nifi.registry:nifi-registry-core,26,10,10,0,0,10,0,0
org.apache.olingo:odata-client-proxy,24,8,8,0,0,0,8,0
org.apache.nifi:nifi-cdc-mysql-bundle,43,38,38,0,0,38,0,0
org.apache.myfaces.shared:myfaces-shared-core,78,1,1,0,1,0,0,0
org.apache.nifi:nifi-stateless,29,6,6,0,0,6,0,0
org.apache.nifi:nifi-dbcp-service-nar,63,57,57,0,0,57,0,0
org.apache.seatunnel:seatunnel-web,1,1,1,0,0,1,0,0
org.apache.nifi.registry:nifi-registry-web-api,28,5,5,0,5,0,0,0
org.apache.nifi:nifi-web-api,66,20,10,0,10,10,0,0
org.apache.opennlp:opennlp-tools,24,9,9,0,0,0,9,0
org.apache.poi:poi,62,265,52,0,217,48,0,0
org.apache.nifi:nifi-standard-processors,66,91,61,6,0,60,25,0
org.apache.pulsar:pulsar,65,139,47,0,65,0,74,0
org.apache.pulsar:pulsar-websocket,65,50,50,0,0,50,0,0
org.apache.portals.jetspeed-2:jetspeed,8,14,7,0,7,7,0,0
org.apache.myfaces.trinidad:trinidad,42,31,31,0,0,0,31,0
org.apache.nifi:nifi-hbase_2-client-service,35,30,30,0,0,30,0,0
org.apache.qpid:qpid-client,35,5,5,0,5,0,0,0
org.apache.nifi:nifi-hadoop-dbcp-service,26,21,21,0,0,21,0,0
org.apache.poi:poi-examples,47,25,25,0,25,0,0,0
org.apache.pulsar:pulsar-functions-worker,60,174,53,0,42,132,0,0
org.apache.openmeetings:openmeetings-db,29,28,28,0,28,0,0,0
org.apache.pinot:pinot-controller,19,17,17,0,0,17,0,0
org.apache.parquet:parquet,17,12,12,0,0,12,0,0
org.apache.qpid:qpid-broker-plugins-amqp-0-8-protocol,55,8,8,0,0,0,8,0
org.apache.rave:rave-web,19,8,8,0,8,0,0,0
org.apache.ozone:ozone-main,4,3,3,0,3,0,0,0
org.apache.pdfbox:pdfbox-parent,69,48,24,0,48,0,0,0
org.apache.portals.jetspeed-2:jetspeed-commons,8,8,8,0,0,0,8,0
org.apache.olingo:odata-client-core,24,25,9,0,8,17,0,0
org.apache.openmeetings:openmeetings-parent,29,182,28,0,19,124,39,0
org.apache.nutch:nutch,26,16,16,0,0,0,16,0
org.apache.pulsar:pulsar-proxy,65,110,54,0,76,34,0,0
org.apache.maven:maven-core,82,58,58,0,0,0,58,0
org.apache.rave:rave-core,19,8,8,0,8,0,0,0
org.apache.rocketmq:rocketmq-all,32,23,23,0,23,0,0,0
org.apache.qpid:qpid-broker,60,33,21,0,13,12,8,0
org.apache.orc:orc,70,16,16,0,0,16,0,0
org.apache.portals.pluto:pluto-container,12,1,1,0,0,1,0,0
org.apache.nifi:nifi-security,40,10,10,0,10,0,0,0
org.apache.portals.pluto:chatRoomDemo,2,2,2,0,2,0,0,0
org.apache.qpid:apache-qpid-broker-j,33,19,11,0,1,18,0,0
org.apache.nifi:nifi-dbcp-service,63,58,58,0,0,58,0,0
org.apache.nifi:nifi-dbcp-base,10,7,6,0,3,4,0,0
org.apache.nifi:nifi-dbcp-service-api,63,3,3,0,3,0,0,0
org.apache.nifi:nifi-framework-cluster-protocol,66,26,26,0,26,0,0,0
org.apache.nifi:nifi-web-security,66,10,10,0,0,10,0,0
org.apache.maven.shared:maven-shared-utils,18,14,14,0,0,0,14,0
org.apache.qpid:proton-j,51,70,35,0,11,59,0,0
org.apache.rocketmq:rocketmq-namesrv,32,50,26,0,0,0,50,0
org.apache.oozie:oozie-core,9,11,6,0,11,0,0,0
org.apache.nifi:nifi-framework-core,66,40,40,0,0,40,0,0
org.apache.nifi:nifi-parameter,32,1,1,0,1,0,0,0
org.apache.rocketmq:rocketmq-controller,6,2,2,0,0,0,2,0
org.apache.nifi:nifi-framework-cluster,66,12,12,0,0,12,0,0
org.apache.nifi:nifi-hikari-dbcp-service,16,21,11,0,0,21,0,0
org.apache.openjpa:openjpa,34,15,15,0,0,15,0,0
org.apache.syncope:syncope,82,31,24,0,24,7,0,0
org.apache.struts:struts2-rest-plugin,87,202,60,0,11,183,8,0
org.apache.submarine:submarine-commons-utils,5,5,5,0,5,0,0,0
org.apache.syncope.client.idrepo:syncope-client-idrepo-common-ui,10,10,10,0,10,0,0,0
org.apache.sling:org.apache.sling.servlets.post,29,31,16,0,22,9,0,0
org.apache.servicemix.bundles:org.apache.servicemix.bundles.commons-io,7,3,3,0,3,0,0,0
org.apache.skywalking:oap-server,31,12,12,0,0,0,12,0
org.apache.shardingsphere:shardingsphere-proxy,11,6,6,0,0,0,6,0
org.apache.tapestry:tapestry-core,70,153,66,0,8,123,22,0
org.apache.syncope.client:syncope-client-enduser,37,26,26,26,0,0,0,0
org.apache.thrift:libthrift,22,31,12,0,5,26,0,0
org.apache.taglibs:taglibs-standard-impl,3,1,1,0,0,1,0,0
org.apache.sling:org.apache.sling.servlets.resolver,50,49,49,0,0,49,0,0
org.apache.storm:storm-kafka-client,27,7,7,0,0,0,7,0
org.apache.servicecomb:java-chassis,76,13,13,0,0,13,0,0
org.apache.solr:solr-solrj,118,64,64,0,64,0,0,0
org.apache.struts:struts2-core,96,2077,94,15,579,938,545,0
org.apache.sling:org.apache.sling.i18n,27,26,26,0,26,0,0,0
org.apache.struts:struts-core,4,16,4,0,4,12,0,0
org.apache.sling:org.apache.sling.jcr.base,22,20,20,0,0,20,0,0
org.apache.sling:org.apache.sling.cms,15,36,13,0,36,0,0,0
org.apache.sling:org.apache.sling.resourcemerger,17,12,12,0,0,12,0,0
org.apache.solr:solr-parent,109,516,106,0,173,101,242,0
org.apache.spark:spark-core_2.12,34,27,27,0,0,0,27,0
org.apache.solr:solr,33,54,33,0,54,0,0,0
org.apache.shenyu:shenyu-admin,8,12,6,0,6,5,1,0
org.apache.spark:spark-parent_2.11,37,34,34,0,0,0,34,0
org.apache.sling:org.apache.sling.xss.compat,2,3,2,0,2,0,1,0
org.apache.tika:tika-core,60,217,40,0,79,117,21,0
org.apache.syncope.client.idrepo:syncope-client-idrepo-console,10,10,10,0,10,0,0,0
org.apache.storm:storm-core,39,111,34,8,48,55,0,0
org.apache.struts.xwork:xwork-core,42,175,33,0,65,110,0,0
org.apache.shenyu:shenyu,8,3,3,0,0,3,0,0
org.apache.spark:spark-parent_2.12,34,25,20,0,0,25,0,0
org.apache.tapestry:tapestry-project,36,6,6,0,0,0,6,0
org.apache.solr:solr-solrj-streaming,6,4,4,0,4,0,0,0
org.apache.struts:struts2-parent,96,65,38,0,27,38,0,0
org.apache.sshd:sshd-common,17,38,15,0,12,15,11,0
org.apache.sling:org.apache.sling.api,39,50,35,0,50,0,0,0
org.apache.shindig:shindig-php,12,7,7,0,7,0,0,0
org.apache.shiro:shiro-web,36,97,33,0,33,11,53,0
org.apache.shiro:shiro-root,36,29,28,0,1,28,0,0
org.apache.spark:spark-core_2.11,40,170,40,0,81,49,40,0
org.apache.sling:org.apache.sling.commons.json,10,9,9,0,0,0,9,0
org.apache.shenyu:shenyu-common,8,16,6,0,6,6,4,0
org.apache.shiro:shiro-core,36,186,33,0,33,35,118,0
org.apache.submarine:submarine-server-core,5,10,5,0,0,5,5,0
org.apache.streampark:streampark,2,4,2,0,2,0,2,0
org.apache.systemds:systemds,7,4,4,0,0,4,0,0
org.apache.shiro:shiro-spring-boot-starter,24,10,10,0,0,0,10,0
org.apache.sshd:sshd-core,41,52,35,0,9,8,35,0
org.apache.spark:spark-core_2.10,34,155,34,0,93,28,34,0
org.apache.streampipes:streampipes-parent,9,31,9,0,18,13,0,0
org.apache.sling:org.apache.sling.jcr.contentloader,19,6,6,0,0,6,0,0
org.apache.spark:spark-core_2.13,15,8,8,0,0,0,8,0
org.apache.servicemix.bundles:org.apache.servicemix.bundles.commons-collections,3,3,3,0,0,0,3,0
org.apache.storm:storm-kafka,27,7,7,0,0,0,7,0
org.apache.shenyu:shenyu-bootstrap,8,3,3,0,0,3,0,0
org.apache.shardingsphere:shardingsphere,20,20,18,0,0,20,0,0
org.apache.struts:struts2-struts1-plugin,55,55,55,0,0,0,55,0
org.apache.tika:tika-parsers,60,42,30,0,42,0,0,0
org.apache.solr:solr-core,118,962,115,10,375,522,55,0
org.apache.storm:storm,39,36,19,0,0,0,36,0
org.apache.sling:org.apache.sling.commons.messaging.mail,2,1,1,0,0,1,0,0
org.apache.servicemix.bundles:org.apache.servicemix.bundles.collections-generic,1,1,1,0,0,0,1,0
org.apache.sshd:sshd-mina,18,8,8,0,0,8,0,0
org.apache.sling:org.apache.sling.xss,38,18,10,0,13,0,5,0
org.apache.sling:org.apache.sling.commons.log,26,24,24,0,24,0,0,0
org.apache.tika:tika,49,173,36,36,137,0,0,0
org.apache.synapse:synapse-core,10,8,8,0,0,0,8,0
org.apache.shiro:shiro-spring,36,43,22,0,0,0,43,0
org.apache.syncope:syncope-core,82,274,63,0,95,116,63,0
org.apache.sling:org.apache.sling.engine,53,46,46,0,0,46,0,0
org.apache.taglibs:taglibs-standard,3,1,1,0,0,1,0,0
org.apache.sling:org.apache.sling.auth.core,36,7,7,0,6,1,0,0
org.apache.sentry:sentry,6,4,4,0,0,4,0,0
org.apache.shiro:shiro-all,31,11,11,0,0,11,0,0
org.apache.sshd:sshd-sftp,22,13,13,0,13,0,0,0
org.apache.streampipes:streampipes-resource-management,6,6,6,0,0,0,6,0
org.apache.struts:struts2-convention-plugin,86,34,34,0,0,0,34,0
org.apache.xmlgraphics:batik,9,37,7,0,12,24,1,0
org.apereo.cas:cas-server-support-shell,209,90,90,0,0,90,0,0
org.apache.wicket:wicket,188,19,19,0,19,0,0,0
org.apache.uima:uimaj,1,1,1,0,0,1,0,0
org.apache.velocity:velocity,10,10,10,0,0,10,0,0
org.apache.zeppelin:sap,8,8,8,0,8,0,0,0
org.apache.tomcat:tomcat-websocket,300,217,217,0,217,0,0,0
org.apereo.cas:cas-server-support-x509-core,188,25,25,0,25,0,0,0
org.apache.tomee:tomee,46,19,19,0,0,19,0,0
org.apache.tomcat.embed:tomcat-embed-websocket,340,217,217,0,217,0,0,0
org.apache.xmlgraphics:batik-script,13,12,12,0,12,0,0,0
org.apereo.cas:cas-server-core-web,210,142,142,0,142,0,0,0
org.apache.zeppelin:zeppelin-jdbc,17,16,16,0,0,0,16,0
org.apache.uima:uimafit-core,12,4,4,0,4,0,0,0
org.apache.tomcat:tomcat-catalina-jmx-remote,224,98,98,0,0,0,98,0
org.apache.zeppelin:zeppelin-shell,17,2,2,0,2,0,0,0
org.apache.zeppelin:zeppelin-interpreter,18,14,7,0,7,0,7,0
org.apereo.cas:cas-server-support-otp-mfa-core,137,30,30,0,0,30,0,0
org.apache.xmlbeans:xmlbeans,17,5,5,0,0,0,5,0
org.apache.tomcat:tomcat-util,376,23,23,0,0,23,0,0
org.apache.wicket:wicket-core,139,239,106,0,0,239,0,0
org.apache.zookeeper:zookeeper,49,117,47,0,39,34,44,0
org.apache.tomcat.embed:tomcat-embed-core,376,4255,372,0,1945,1889,421,0
org.apache.uima:uima-ducc-parent,9,9,9,0,0,9,0,0
org.apache.wss4j:wss4j-ws-security-dom,47,26,24,0,2,24,0,0
org.apache.tika:tika-server,51,8,8,0,8,0,0,0
org.apache.tomee:apache-tomee,46,20,20,0,0,0,20,0
org.apache.zeppelin:zeppelin-web,17,11,11,0,11,0,0,0
org.apache.xmlgraphics:batik-svgrasterizer,10,9,9,0,0,9,0,0
org.apereo.cas:cas-server-core-services-authentication,176,57,57,0,0,57,0,0
org.apache.velocity:velocity-engine-parent,4,3,3,0,0,3,0,0
org.apache.xmlgraphics:batik-transcoder,13,12,12,0,0,12,0,0
org.asynchttpclient:async-http-client,147,71,71,0,0,71,0,0
org.apache.zeppelin:zeppelin,18,86,14,0,43,29,14,0
org.apache.tomcat:tomcat-coyote,376,1153,333,0,575,556,22,0
org.apache.tomcat.embed:tomcat-embed-jasper,376,87,87,0,0,0,87,0
org.apereo.cas:cas-server-support-oauth-core-api,124,5,5,0,0,5,0,0
org.apereo.cas:cas-server-webapp,210,48,48,0,0,48,0,0
org.apereo.cas:cas-server-support-oidc,210,91,91,0,0,91,0,0
org.apache.tomcat:tomcat-jasper,376,87,87,0,0,0,87,0
org.apache.xmlgraphics:xmlgraphics-commons,16,12,12,0,0,12,0,0
org.apache.tomcat:tomcat-catalina,376,911,316,0,185,535,191,0
org.apache.tomcat:jasper,24,20,20,0,0,0,20,0
org.apache.unomi:unomi,25,23,9,0,0,17,6,0
org.apache.uima:uimaj-as-core,8,6,6,0,6,0,0,0
org.apache.tomee:tomee-webapp,45,8,8,0,8,0,0,0
org.apereo.cas:cas-server-core-services-api,176,57,57,0,0,57,0,0
org.apache.tomcat:tomcat,352,3612,320,166,1576,1870,0,0
org.apache.xmlgraphics:batik-svgbrowser,10,6,6,0,0,6,0,0
org.apache.xmlgraphics:fop,18,10,10,0,0,10,0,0
org.apache.tiles:tiles-core,21,23,21,0,2,21,0,0
org.apache.ws.security:wss4j,31,100,28,0,72,28,0,0
org.apache.xmlrpc:xmlrpc,7,21,7,0,0,7,14,0
org.apache.wicket:wicket-util,142,39,39,0,0,39,0,0
org.apache.zeppelin:zeppelin-server,17,21,7,0,21,0,0,0
org.apache.velocity.tools:velocity-tools-parent,2,1,1,0,1,0,0,0
org.apache.xmlrpc:xmlrpc-common,7,7,7,0,7,0,0,0
org.apereo.cas:cas-server-support-simple-mfa,140,21,21,0,0,21,0,0
org.apache.xmlgraphics:batik-bridge,13,12,12,0,0,12,0,0
org.apache.uima:uimaj-core,30,40,26,0,14,26,0,0
org.apache.velocity:velocity-tools,5,5,5,0,5,0,0,0
org.apache.uima:uima-ducc-web,9,8,8,0,8,0,0,0
org.bouncycastle:bcprov-debug-jdk18on,8,3,3,0,3,0,0,0
org.bedework:bw-webdav,14,2,2,0,0,2,0,0
org.bonitasoft.engine:bonita-server,94,94,94,0,94,0,0,0
org.bouncycastle:bctls-jdk15to18,16,45,15,0,45,0,0,0
org.boofcv:boofcv-core,28,21,21,0,0,0,21,0
org.bouncycastle:bcprov-jdk15to18,16,86,15,15,69,2,0,0
org.bouncycastle:bcprov-ext-jdk15to18,13,8,8,0,8,0,0,0
org.bouncycastle:bcprov-jdk15on,26,175,26,0,169,3,3,0
org.bouncycastle:bctls-fips,29,29,29,0,29,0,0,0
org.bouncycastle:bcprov-ext-jdk15on,25,84,25,0,82,2,0,0
org.bouncycastle:bcpkix-jdk18on,9,3,3,0,3,0,0,0
org.bouncycastle:bcprov-debug-jdk15on,18,18,18,0,18,0,0,0
org.bouncycastle:bc-fips,6,16,6,0,16,0,0,0
org.biscuitsec:biscuit,4,2,2,2,0,0,0,0
org.bouncycastle:bcprov-jdk18on,9,39,8,8,31,0,0,0
org.bouncycastle:bctls-jdk18on,9,24,8,0,24,0,0,0
org.bonitasoft.console:bonita-web-server,2,1,1,0,1,0,0,0
org.bouncycastle:bcprov-jdk14,35,360,34,29,243,88,0,0
org.bouncycastle:bcprov-jdk15,7,97,7,7,49,41,0,0
org.bitbucket.b_c:jose4j,45,138,42,0,83,55,0,0
org.bouncycastle:bcprov-ext-jdk16,2,6,2,0,6,0,0,0
org.bouncycastle:bcprov-ext-jdk14,25,18,18,0,18,0,0,0
org.bouncycastle:bcprov-debug-jdk15to18,12,7,7,0,7,0,0,0
org.bouncycastle:bcprov-jdk16,6,18,6,0,18,0,0,0
org.bouncycastle:bcprov-ext-jdk18on,8,3,3,0,3,0,0,0
org.bouncycastle:bctls-jdk14,17,48,16,0,48,0,0,0
org.bonitasoft.platform:platform-resources,52,51,51,0,51,0,0,0
org.bedework.caleng:bw-calendar-engine,15,3,3,0,0,0,3,0
org.bouncycastle:bcprov-debug-jdk14,12,10,10,0,10,0,0,0
org.codehaus.plexus:plexus-archiver,82,135,78,0,57,78,0,0
org.checkerframework.annotatedlib:commons-io,5,2,2,0,2,0,0,0
org.codehaus.janino:janino-parent,33,30,30,0,30,0,0,0
org.codehaus.jettison:jettison,24,106,23,0,20,86,0,0
org.clojure:clojure,173,211,171,0,0,96,115,0
org.codehaus.jackson:jackson-mapper-asl,82,164,82,0,0,82,82,0
org.codehaus.groovy:groovy,217,298,137,0,96,0,202,0
org.cloudfoundry.identity:cloudfoundry-identity-server,81,522,75,0,203,272,47,0
org.codehaus.mevenide:netbeans,8,16,8,0,0,8,8,0
org.codehaus.castor:castor,18,16,16,0,16,0,0,0
org.codehaus.xfire:xfire-core,16,16,16,0,0,16,0,0
org.codehaus.plexus:plexus-utils,78,187,65,0,65,65,57,0
org.codelibs.fess:fess,150,58,58,0,0,0,58,0
org.craftercms:crafter-studio,106,195,78,0,2,191,2,0
org.craftercms:crafter-core,163,3,1,0,2,1,0,0
org.cyclonedx:cyclonedx-core-java,60,51,51,0,0,51,0,0
org.craftercms:crafter-search,163,26,26,0,0,0,26,0
org.cometd.java:cometd-java-oort,152,128,128,0,0,128,0,0
org.cryptacular:cryptacular,13,9,9,0,0,9,0,0
org.directwebremoting:dwr,14,18,9,0,18,0,0,0
org.dspace:dspace-api,95,30,30,0,0,30,0,0
org.dspace:dspace-jspui,75,132,33,0,33,99,0,0
org.eclipse.californium:californium-core,80,33,33,0,0,33,0,0
org.drools:drools-core,240,437,192,0,192,63,182,0
org.eclipse.californium:scandium,81,12,12,0,0,12,0,0
org.dspace:dspace-xmlui,75,80,70,0,33,47,0,0
org.dojotoolkit:dojo,70,60,54,0,60,0,0,0
org.dom4j:dom4j,9,20,9,0,9,5,6,0
org.eclipse.birt:org.eclipse.birt.report.viewer,1,1,1,0,0,1,0,0
org.dspace:dspace-server-webapp,18,10,10,10,0,0,0,0
org.eclipse.platform:org.eclipse.core.runtime,25,22,22,0,22,0,0,0
org.eclipse.edc:transfer-data-plane,16,3,3,0,3,0,0,0
org.eclipse.jetty:jetty-openid,99,63,63,63,0,0,0,0
org.eclipse.jetty.http2:http2-common,178,311,159,0,152,159,0,0
org.eclipse.parsson:parsson,13,7,7,0,0,7,0,0
org.eclipse.jetty:jetty-deploy,373,11,11,11,0,0,0,0
org.eclipse.jdt:org.eclipse.jdt.ui,30,27,27,0,27,0,0,0
org.eclipse.milo:sdk-client,55,25,25,0,0,25,0,0
org.eclipse.hawkbit:hawkbit-starters,26,14,14,0,0,14,0,0
org.eclipse.jetty.http2:http2-hpack,178,150,150,0,0,150,0,0
org.eclipse.hawkbit:hawkbit-boot-starter-ddi-api,26,14,14,0,0,14,0,0
org.eclipse.jetty.http3:http3-qpack,26,16,16,0,0,16,0,0
org.eclipse.edc:connector-core,17,8,8,0,8,0,0,0
org.eclipse.leshan:leshan-core,56,53,53,0,53,0,0,0
org.eclipse.hawkbit:hawkbit-boot-starter-mgmt-api,26,14,14,0,0,14,0,0
org.eclipse.jetty:jetty-webapp,355,302,300,0,18,284,0,0
org.eclipse.jetty.http2:jetty-http2-server,18,2,2,0,2,0,0,0
org.eclipse.jetty:jetty-xml,373,351,351,351,0,0,0,0
org.eclipse.hawkbit:hawkbit-autoconfigure,28,16,16,0,0,16,0,0
org.eclipse.platform:org.eclipse.jface,29,26,26,0,26,0,0,0
org.eclipse.jetty.http2:http2-server,178,289,157,0,152,137,0,0
org.eclipse.hawkbit:hawkbit-update-server,26,14,14,0,0,14,0,0
org.eclipse.paho:org.eclipse.paho.client.mqttv3,9,4,4,0,4,0,0,0
org.eclipse.hono:hono-core,93,53,53,0,0,53,0,0
org.eclipse.hawkbit:hawkbit-parent,28,37,21,0,21,16,0,0
org.eclipse.jetty.http3:jetty-http3-common,18,6,6,0,0,6,0,0
org.eclipse.jetty:jetty-servlets,355,503,331,209,294,0,0,0
org.eclipse.milo:sdk-server,55,50,50,0,0,50,0,0
org.eclipse.jetty.http3:http3-common,26,24,24,0,0,24,0,0
org.eclipse.hawkbit:hawkbit-boot-starter,26,14,14,0,0,14,0,0
org.eclipse.hawkbit:hawkbit-boot-starter-mgmt-ui,25,14,14,0,0,14,0,0
org.eclipse.jetty:jetty-http,373,524,332,314,210,0,0,0
org.eclipse.jgit:org.eclipse.jgit,156,174,151,0,0,151,23,0
org.eclipse.jetty:jetty-server,373,3265,330,624,1207,976,458,0
org.eclipse.ditto:ditto,80,28,28,0,28,0,0,0
org.eclipse.hawkbit:hawkbit-boot-starter-dmf-api,26,14,14,0,0,14,0,0
org.eclipse.hawkbit:hawkbit-ui,27,16,16,0,0,16,0,0
org.eclipse.parsson:project,13,9,9,0,9,0,0,0
org.eclipse.jetty.http2:jetty-http2-common,18,8,6,0,2,6,0,0
org.eclipse.lyo:lyo-parent,17,11,11,0,11,0,0,0
org.elasticsearch:elasticsearch-hadoop,309,275,275,0,275,0,0,0
org.eclipse.xtend:org.eclipse.xtend.core,125,52,52,0,0,52,0,0
org.esigate:esigate-core,20,19,19,0,0,0,19,0
org.eclipse.rdf4j:rdf4j,107,27,27,0,0,27,0,0
org.eclipse.xtext:org.eclipse.xtext,125,52,52,0,0,52,0,0
org.eclipse.platform:org.eclipse.ui.workbench,28,25,25,0,25,0,0,0
org.elasticsearch:elasticsearch,389,4612,388,273,3463,876,0,0
org.elasticsearch.client:elasticsearch-rest-client,204,12,12,0,12,0,0,0
org.eclipse.platform:org.eclipse.platform,30,27,27,0,27,0,0,0
org.eclipse.platform:org.eclipse.ui.ide,28,25,25,0,25,0,0,0
org.eclipse.platform:org.eclipse.urischeme,19,17,17,0,17,0,0,0
org.eclipse.platform:org.eclipse.ui.forms,25,22,22,0,22,0,0,0
org.eclipse.vorto:org.eclipse.vorto.core,26,14,14,0,0,14,0,0
org.ff4j:ff4j-core,38,13,13,0,0,0,13,0
org.exist-db:exist-core,15,2,2,0,0,0,2,0
org.eclipse.rdf4j:rdf4j-runtime,134,36,36,0,0,0,36,0
org.fusesource.hawtjni:hawtjni-runtime,19,8,8,0,8,0,0,0
org.fitnesse:fitnesse,75,77,75,0,0,2,75,0
org.glassfish.main.web:web-core,50,42,42,0,42,0,0,0
org.graylog2:graylog2-server,280,1094,274,483,402,209,0,0
org.glassfish.main.web:web,50,19,19,0,19,0,0,0
org.graylog:graylog-parent,199,79,79,0,0,79,0,0
org.graniteds:granite-server-core,10,10,10,0,0,10,0,0
org.graniteds:granite-core,23,23,23,0,0,23,0,0
org.glassfish.main.orb:orb-connector,50,23,23,0,23,0,0,0
org.glassfish:javax.faces,174,246,147,0,246,0,0,0
org.glassfish.jersey.core:jersey-common,130,10,10,0,10,0,0,0
org.hibernate:hibernate-validator,145,29,29,0,16,13,0,0
org.glassfish:jakarta.faces,30,1,1,0,1,0,0,0
org.hibernate:hibernate-core,341,427,218,0,210,217,0,0
org.hibernate.validator:hibernate-validator,73,37,37,0,37,0,0,0
org.grails:grails-core,217,290,145,0,145,145,0,0
org.grails:grails-databinding,165,172,141,0,141,0,31,0
org.glassfish:mojarra-parent,25,5,5,0,0,5,0,0
org.igniterealtime.openfire:xmppserver,1,5,1,0,2,3,0,0
org.infinispan:infinispan-cachestore-jdbc,381,372,372,372,0,0,0,0
org.igniterealtime.openfire:parent,1,6,1,0,5,0,1,0
org.infinispan:infinispan-cachestore-jdbc-common,71,62,62,62,0,0,0,0
org.http4s:http4s-async-http-client_2.13,141,20,20,20,0,0,0,0
org.htmlunit:htmlunit,12,8,8,0,0,0,8,0
org.infinispan:infinispan-cachestore-sql,71,62,62,62,0,0,0,0
org.ini4j:ini4j,9,8,8,0,0,8,0,0
org.http4s:http4s-blaze-server_2.13,154,28,28,0,0,28,0,0
org.http4s:http4s-server_2.12,302,140,140,0,0,0,140,0
org.hornetq.rest:hornetq-rest,49,48,48,0,48,0,0,0
org.http4s:blaze-core_2.13,34,10,10,0,0,10,0,0
org.hudsonci.lib.guava:guava,3,3,3,0,3,0,0,0
org.http4s:http4s-blaze-server_2.12,290,174,174,0,0,174,0,0
org.hl7.fhir.publisher:org.hl7.fhir.publisher,179,89,89,0,0,0,89,0
org.infinispan.protostream:protostream,128,117,117,0,117,0,0,0
org.infinispan:infinispan-commons,316,307,307,307,0,0,0,0
org.jasig.cas:cas-client,21,21,21,0,0,0,21,0
org.infinispan:infinispan-server-core,381,154,154,0,154,0,0,0
org.infinispan:infinispan-client-hotrod,381,372,372,372,0,0,0,0
org.hjson:hjson,13,22,11,0,0,22,0,0
org.iq80.snappy:snappy,4,4,4,0,4,0,0,0
org.infinispan:infinispan-server-rest,381,724,362,0,724,0,0,0
org.http4s:blaze-core_2.12,55,39,39,0,0,39,0,0
org.hswebframework.web:hsweb-commons,29,10,5,0,5,5,0,0
org.http4s:http4s-async-http-client_2.12,284,165,165,165,0,0,0,0
org.infinispan:infinispan-cachestore-remote,381,372,372,372,0,0,0,0
org.infinispan:infinispan-core,382,1239,373,373,263,388,215,0
org.hornetq:hornetq-server,41,30,30,0,0,30,0,0
org.http4s:blaze-core_2.11,61,57,57,0,0,57,0,0
org.infinispan:infinispan-hotrod,44,35,35,35,0,0,0,0
org.hsqldb:hsqldb,24,22,22,0,0,0,22,0
org.jboss.resteasy:resteasy-core,94,79,42,0,46,33,0,0
org.jclouds.api:eucalyptus,51,51,51,0,51,0,0,0
org.jboss.resteasy:resteasy-client,191,305,111,0,200,105,0,0
org.jboss.ironjacamar:ironjacamar-jdbc,153,18,18,0,18,0,0,0
org.jboss.netty:netty,39,351,39,0,156,156,39,0
org.jboss.as:jboss-as-server,17,13,13,0,0,13,0,0
org.jboss.resteasy:resteasy-jaxb-provider,225,30,30,0,30,0,0,0
org.jboss.resteasy:resteasy-undertow,177,170,170,0,170,0,0,0
org.jboss.resteasy:resteasy-yaml-provider,129,81,81,0,0,81,0,0
org.jboss:jboss-ejb-client,182,309,157,0,309,0,0,0
org.jboss.resteasy:resteasy-client-microprofile,101,51,51,0,51,0,0,0
org.jboss.xnio:xnio-api,150,150,150,0,0,150,0,0
org.jboss.xnio:xnio-all,134,128,128,0,0,128,0,0
org.jboss.xnio:xnio-nio,150,21,21,0,21,0,0,0
org.jboss.weld:weld-core-bom,208,105,105,0,105,0,0,0
org.jbpm.jbpm5:jbpmmigration,5,5,5,0,5,0,0,0
org.jboss.resteasy:resteasy-jaxrs,134,125,67,0,58,67,0,0
org.jberet:jberet-core,81,80,80,0,80,0,0,0
org.jbpm:jbpm-bpmn2,166,49,49,0,0,49,0,0
org.jasypt:jasypt,16,14,14,0,0,14,0,0
org.jboss.remoting:jboss-remoting,115,106,106,0,0,106,0,0
org.java-websocket:Java-WebSocket,16,9,9,0,0,9,0,0
org.jboss.resteasy:resteasy-bom,216,485,155,0,117,368,0,0
org.javadelight:delight-nashorn-sandbox,46,42,42,0,0,42,0,0
org.jeecgframework.boot:jeecg-boot-base,1,4,1,0,1,0,3,0
org.jolokia:jolokia-core,33,33,28,0,16,17,0,0
org.jeecgframework.boot:jeecg-boot-base-core,1,5,1,0,1,0,4,0
org.jodd:jodd-http,83,33,33,0,0,33,0,0
org.jodd:jodd-json,58,37,37,0,0,0,37,0
org.jeecgframework.boot:jeecg-boot-common,14,69,11,0,17,0,52,0
org.jline:jline-parent,40,38,38,0,38,0,0,0
org.jetbrains.kotlin:kotlin-stdlib,220,320,172,0,320,0,0,0
org.jitsi:dnssecjava,7,14,7,0,14,0,0,0
org.jeasy:easy-rules-mvel,6,1,1,0,0,1,0,0
org.jgroups:jgroups,263,170,130,0,40,0,130,0
org.jooby:jooby,70,134,70,0,134,0,0,0
org.jdom:jdom,6,6,6,0,0,6,0,0
org.jpmml:pmml-model,106,71,71,0,0,71,0,0
org.jeecgframework.boot:jeecg-boot-parent,1,3,1,0,0,1,2,0
org.jvnet.hudson.plugins:groovy-postbuild,2,2,2,0,2,0,0,0
org.jvnet.hudson.plugins:monitoring,17,17,17,0,17,0,0,0
org.jvnet.hudson.plugins:ftppublisher,2,6,2,2,4,0,0,0
org.jvnet.hudson.plugins:speaks,2,2,2,0,0,2,0,0
org.keycloak:keycloak-oidc-client-adapter-pom,128,93,93,93,0,0,0,0
org.jvnet.hudson.plugins:favorite,6,18,6,0,12,6,0,0
org.jvnet.hudson.plugins:clearcase-release,1,1,1,0,0,1,0,0
org.jyaml:jyaml,2,2,2,0,0,0,2,0
org.jvnet.hudson.plugins:swarm-plugin,5,5,5,0,5,0,0,0
org.jvnet.hudson.plugins:findbugs,59,59,59,0,59,0,0,0
org.jvnet.hudson.plugins:instant-messaging,14,14,14,0,14,0,0,0
org.jvnet.hudson.plugins:bugzilla,5,5,5,5,0,0,0,0
org.keycloak:keycloak-authz-client,119,53,53,0,0,53,0,0
org.keycloak:keycloak-saml-adapter-core,138,59,59,0,59,0,0,0
org.jvnet.hudson.plugins:sitemonitor,1,2,1,0,2,0,0,0
org.keycloak:keycloak-common,138,81,81,0,0,81,0,0
org.jvnet.hudson.plugins:ccm,4,4,4,0,0,4,0,0
org.jvnet.hudson.plugins:analysis-core,17,64,16,0,64,0,0,0
org.jvnet.hudson.plugins:jabber,23,23,23,0,23,0,0,0
org.jvnet.hudson.plugins:pmd,46,46,46,0,0,46,0,0
org.jvnet.hudson.main:hudson-core,344,344,344,0,0,0,344,0
org.keycloak:keycloak-core,170,5999,170,337,4292,1038,332,0
org.jupiter-rpc:jupiter-rpc,38,38,38,0,0,0,38,0
org.jvnet.hudson.plugins:ircbot,16,16,16,16,0,0,0,0
org.keycloak:keycloak-server-spi-private,110,150,93,93,57,0,0,0
org.jvnet.hudson.plugins:pwauth,1,1,1,0,1,0,0,0
org.jvnet.hudson.plugins.findbugs:library,4,4,4,0,0,4,0,0
org.keycloak:keycloak-services,170,5391,170,953,2181,1969,288,0
org.json:json,27,70,24,0,0,70,0,0
org.jvnet.hudson.plugins:dry,27,52,26,0,26,26,0,0
org.jvnet.hudson.plugins:mstest,6,5,5,0,0,0,5,0
org.jruby:jruby,170,67,67,0,67,0,0,0
org.keycloak:keycloak-parent,170,2470,163,104,1194,1026,146,0
org.jvnet.hudson.plugins:svn-release-mgr,5,5,5,0,5,0,0,0
org.keycloak:keycloak-saml-core,151,388,151,0,0,388,0,0
org.jvnet.hudson.plugins:locked-files-report,3,3,3,0,0,3,0,0
org.kairosdb:kairosdb,10,9,9,0,9,0,0,0
org.jsoup:jsoup,45,83,39,0,48,35,0,0
org.jvnet.hudson.plugins:japex,4,4,4,0,0,4,0,0
org.jruby:jruby-stdlib,122,511,73,0,219,219,73,0
org.jvnet.hudson.plugins:perforce,35,70,35,0,70,0,0,0
org.keycloak:keycloak-model-jpa,170,251,148,0,0,251,0,0
org.keycloak:keycloak-ldap-federation,160,310,160,310,0,0,0,0
org.keycloak:keycloak-model-infinispan,128,143,82,0,0,143,0,0
org.jvnet.hudson.plugins:ssh,2,2,2,0,0,0,2,0
org.jvnet.hudson.plugins:checkstyle,47,47,47,0,0,47,0,0
org.jvnet.hudson.plugins:warnings,59,177,59,0,0,177,0,0
org.kohsuke:libpam4j,7,5,5,0,5,0,0,0
org.kie.server:kie-server-common,98,35,35,0,0,0,35,0
org.kohsuke.stapler:stapler-parent,109,297,103,0,297,0,0,0
org.mapfish.print:print-standalone,17,26,17,17,0,0,9,0
org.liquibase:liquibase-core,129,101,101,0,0,0,101,0
org.mapfish.print:print-lib,55,102,55,55,0,0,47,0
org.mapfish.print:print-servlet,55,102,55,55,0,0,47,0
org.mitre:openid-connect-parent,63,62,62,0,0,0,62,0
org.mitre:openid-connect-server,63,124,62,0,62,62,0,0
org.mindrot:jbcrypt,2,1,1,0,1,0,0,0
org.matrix.android:matrix-android-sdk2,37,50,24,0,2,48,0,0
org.mvel:mvel2,97,1,1,0,1,0,0,0
org.mongodb:mongodb-driver,74,11,11,0,11,0,0,0
org.mortbay.jetty:jetty-webapp,2,2,2,0,0,2,0,0
org.mock-server:mockserver,96,90,90,0,90,0,0,0
org.mongodb:mongo-java-driver,146,11,11,0,11,0,0,0
org.mortbay.jetty:jetty,111,449,102,0,306,143,0,0
org.mybatis:mybatis,44,33,33,0,0,33,0,0
org.mongodb:mongodb-driver-legacy,92,20,20,0,20,0,0,0
org.mongodb:mongodb-driver-sync,101,20,20,0,20,0,0,0
org.mule.runtime:mule,3,3,3,0,0,3,0,0
org.neo4j:neo4j-enterprise,250,8,8,0,0,0,8,0
org.ninjaframework:ninja-core,104,1,1,0,1,0,0,0
org.neo4j:neo4j-kernel,423,8,8,0,0,8,0,0
org.netbeans.html:pom,27,22,22,0,0,22,0,0
org.neo4j:neo4j,423,263,263,0,0,0,263,0
org.noear:solon,741,1315,704,0,0,0,1315,0
org.odata4j:odata4j-core,2,4,2,0,0,0,4,0
org.odata4j:odata4j-dist,2,4,2,0,0,0,4,0
org.nanohttpd:nanohttpd-nanolets,3,3,3,0,3,0,0,0
org.neo4j:neo4j-cypher,407,19,19,0,19,0,0,0
org.ngrinder:ngrinder-core,9,8,8,0,0,0,8,0
org.odata4j:odata4j-parent,2,4,2,0,0,0,4,0
org.neo4j.procedure:apoc-core,27,7,7,0,7,0,0,0
org.neo4j.procedure:apoc,130,426,117,0,222,114,90,0
org.opencastproject:base,85,6,6,0,6,0,0,0
org.openapitools:openapi-generator-project,62,53,53,0,0,0,53,0
org.opencastproject:opencast-common,87,163,61,0,61,67,35,0
org.opencastproject:opencast-kernel,87,60,26,0,12,42,6,0
org.onosproject:onos-archetypes,172,282,141,0,282,0,0,0
org.odpi.egeria:egeria-connector-xtdb,10,3,3,0,3,0,0,0
org.opencastproject:opencast-ingest-service-impl,87,90,52,0,52,0,38,0
org.opencrx:opencrx-core-config,8,4,4,0,4,0,0,0
org.opendaylight.controller:releasepom,40,80,40,0,40,40,0,0
org.openapitools:openapi-generator-online,62,100,62,0,0,62,38,0
org.opencrx:opencrx-client,19,50,18,0,32,0,18,0
org.opencastproject:opencast-common-jpa-impl,87,6,6,6,0,0,0,0
org.open-metadata:openmetadata-service,41,102,36,0,0,66,36,0
org.opendaylight.aaa:aaa-artifacts,119,119,119,0,119,0,0,0
org.openapitools:openapi-generator,62,58,38,0,38,20,0,0
org.opencrx:opencrx-core,19,31,16,0,31,0,0,0
org.opencrx:opencrx-core-models,11,71,8,0,71,0,0,0
org.opencastproject:opencast-oaipmh-api,86,6,6,0,0,6,0,0
org.opencms:opencms-core,31,148,30,0,148,0,0,0
org.openapitools:openapi-generator-maven-plugin,62,38,38,0,38,0,0,0
org.opencrx:opencrx-gradle,19,15,15,0,15,0,0,0
org.opendaylight.integration:distribution-karaf,26,26,26,0,0,26,0,0
org.openidentityplatform.openam:openam-oauth2,18,18,18,0,0,18,0,0
org.opendaylight.mdsal:mdsal-artifacts,169,169,169,0,169,0,0,0
org.openidentityplatform.openam:openam-federation-library,18,12,12,0,0,0,12,0
org.opennms:opennms-web-api,17,1,1,0,1,0,0,0
org.openrefine:main,11,13,10,0,13,0,0,0
org.opennms:opennms,1,2,1,0,2,0,0,0
org.openidentityplatform.openam:openam-core,18,8,8,0,8,0,0,0
org.openjfx:javafx-media,162,150,150,150,0,0,0,0
org.openrefine:database,11,30,10,0,0,20,10,0
org.opensearch.plugin:opensearch-security,16,44,12,0,31,13,0,0
org.opensaml:opensaml,12,34,12,0,34,0,0,0
org.opensaml:xmltooling,7,7,7,0,0,7,0,0
org.opensearch.plugin:opensearch-reports-scheduler,16,16,16,0,16,0,0,0
org.ops4j.pax.logging:pax-logging-log4j2,84,43,43,0,0,0,43,0
org.opensearch.plugin:opensearch-observability,16,16,16,0,16,0,0,0
org.opensearch:opensearch,42,36,36,0,36,0,0,0
org.ovirt.engine.sdk:ovirt-engine-sdk-java,40,40,40,0,40,0,0,0
org.postgresql:postgresql,192,1091,179,101,251,441,298,0
org.pf4j:pf4j,21,57,19,0,0,57,0,0
org.picketlink:picketlink-common,84,74,74,0,0,74,0,0
org.owasp:dependency-check-ant,130,12,6,6,6,0,0,0
org.owasp.esapi:esapi,23,65,22,5,22,38,0,0
org.pac4j:pac4j-saml,115,51,51,0,51,0,0,0
org.owasp:csrfguard,11,2,2,0,0,2,0,0
org.owasp:dependency-check-cli,65,12,6,6,6,0,0,0
org.powernukkit:powernukkit,22,19,19,0,0,0,19,0
org.owasp.antisamy:antisamy,33,151,32,0,151,0,0,0
org.owasp:dependency-check-maven,144,63,57,6,6,51,0,0
org.pac4j:pac4j-oidc,111,78,78,0,0,78,0,0
org.postgresql:pgjdbc-aggregate,25,17,17,0,17,0,0,0
org.primefaces:primefaces,32,13,9,0,9,0,4,0
org.picketlink:picketlink-tomcat-common,90,89,89,0,89,0,0,0
org.python:jython,29,21,21,0,0,0,21,0
org.python:jython-standalone,27,38,20,0,20,0,18,0
org.richfaces:richfaces-core,23,15,15,0,0,0,15,0
org.richfaces:richfaces,28,2,2,0,2,0,0,0
org.redisson:redisson,226,206,206,0,0,0,206,0
org.rundeck:rundeck,194,68,56,0,49,19,0,0
org.quartz-scheduler:quartz,30,26,26,0,0,0,26,0
org.rundeck:rundeck-core,325,384,192,0,192,192,0,0
org.scala-sbt:sbt,134,125,125,125,0,0,0,0
org.scala-sbt:io_3,12,9,9,9,0,0,0,0
org.sakaiproject:chat-base,46,18,18,0,18,0,0,0
org.scala-sbt:io_2.13,38,35,35,35,0,0,0,0
org.scala-sbt:io_2.12,75,64,64,64,0,0,0,0
org.scala-lang:scala-compiler,207,135,135,0,0,135,0,0
org.scala-lang:scala-library,207,9,9,0,0,0,9,0
org.simpleframework:simple-xml,48,47,47,0,0,0,47,0
org.springframework.boot:spring-boot-starter-webflux,151,88,88,0,0,0,88,0
org.springframework.boot:spring-boot-starter-web,216,153,153,0,0,0,153,0
org.sonarsource.sonarqube:sonar-plugin-api,115,64,64,0,64,0,0,0
org.sonarsource.sonarqube:sonar-web,52,52,52,0,52,0,0,0
org.sonatype.sisu:sisu-guava,2,1,1,0,1,0,0,0
org.sonatype.nexus:nexus-repository,139,122,84,0,0,122,0,0
org.springblade:blade-core-tool,57,1,1,0,0,1,0,0
org.skyscreamer:nevado-jms,15,15,15,0,0,15,0,0
org.springframework.boot:spring-boot-loader-classic,5,5,5,0,5,0,0,0
org.sonatype.nexus.ci:nexus-jenkins-plugin,80,320,80,0,160,160,0,0
org.springframework.batch:spring-batch-core,82,59,56,46,0,13,0,0
org.sonatype.nexus:nexus-extdirect,134,49,49,0,0,49,0,0
org.springframework.boot:spring-boot-actuator-autoconfigure,151,117,117,0,0,0,117,0
org.soot-oss:soot,7,5,5,0,0,5,0,0
org.springframework.boot:spring-boot-actuator,216,204,204,0,204,0,0,0
org.springframework.boot:spring-boot-loader,216,49,49,0,49,0,0,0
org.slf4j:slf4j-ext,87,50,50,0,0,0,50,0
org.springframework.boot:spring-boot-autoconfigure,216,184,184,0,0,184,0,0
org.sonatype.nexus.plugins:nexus-yum-repository-plugin,63,50,50,0,0,50,0,0
org.smartboot.servlet:servlet-core,19,8,8,0,8,0,0,0
org.springframework.amqp:spring-amqp,171,202,93,0,123,0,79,0
org.sonatype.nexus:nexus-core,223,276,138,0,138,138,0,0
org.springframework.boot:spring-boot,216,115,105,0,10,105,0,0
org.springframework.batch:spring-batch-admin-manager,6,6,6,0,6,0,0,0
org.testifyproject.external:external-snakeyaml,11,11,11,0,11,0,0,0
org.springframework.security:spring-security-web,205,115,115,0,0,115,0,0
org.springframework:spring-beans,262,434,219,0,0,219,215,0
org.springframework.integration:spring-integration-core,201,44,44,0,0,0,44,0
org.springframework.vault:spring-vault-core,33,26,26,0,26,0,0,0
org.springframework:spring-context,270,225,225,0,0,225,0,0
org.springframework.security.oauth:spring-security-oauth2,55,109,40,0,40,41,28,0
org.springframework:spring-framework-bom,201,118,118,0,118,0,0,0
org.springframework.security.oauth:spring-security-oauth,55,70,40,0,70,0,0,0
org.springframework.cloud:spring-cloud-function-parent,52,37,37,0,0,37,0,0
org.springframework:spring-webflux,127,115,80,0,3,32,80,0
org.testng:testng,87,16,16,0,0,16,0,0
org.springframework.integration:spring-integration-zip,18,7,4,0,7,0,0,0
org.springframework.security:spring-security-oauth2-authorization-server,28,26,26,0,26,0,0,0
org.springframework.security:spring-security-cas,187,43,43,0,0,43,0,0
org.springframework.data:spring-data-mongodb,227,174,174,0,0,0,174,0
org.springframework.data:spring-data-rest-core,209,77,77,10,20,0,47,0
org.springframework.flex:spring-flex,7,7,7,0,0,7,0,0
org.springframework.session:spring-session-core,74,1,1,0,1,0,0,0
org.springframework.cloud:spring-cloud-function-context,52,41,41,0,0,8,33,0
org.springframework.cloud:spring-cloud-contract-shade,57,16,16,16,0,0,0,0
org.springframework:spring-web,269,1532,269,0,469,820,243,0
org.springframework.hateoas:spring-hateoas,91,79,79,0,79,0,0,0
org.springframework:spring-expression,220,752,203,0,558,194,0,0
org.springframework.ws:spring-ws,72,41,41,0,0,0,41,0
org.springframework:spring-core,269,1153,177,0,451,438,264,0
org.springframework.credhub:spring-credhub-core,11,2,2,0,0,2,0,0
org.springframework.ldap:spring-ldap-core,37,13,13,0,0,13,0,0
org.springframework.security:spring-security-config,205,57,41,0,11,12,34,0
org.springframework.integration:spring-integration-xml,201,99,99,99,0,0,0,0
org.springframework.cloud:spring-cloud-netflix-zuul,23,19,19,0,19,0,0,0
org.springframework:spring,110,64,53,0,38,0,26,0
org.springframework.integration:spring-integration-ws,201,99,99,99,0,0,0,0
org.springframework.cloud:spring-cloud-gateway,58,50,34,0,16,0,34,0
org.springframework.webflow:spring-webflow,24,22,18,0,22,0,0,0
org.thymeleaf:thymeleaf-spring5,21,10,10,0,0,0,10,0
org.springframework.data:spring-data-jpa,230,248,102,0,248,0,0,0
org.springframework.cloud:spring-cloud-netflix-hystrix-dashboard,61,60,60,0,0,60,0,0
org.springframework.security:spring-security-oauth2-jose,145,2,2,0,0,2,0,0
org.springframework.kafka:spring-kafka,194,33,33,0,0,33,0,0
org.springframework.cloud:spring-cloud-netflix,84,10,10,0,10,0,0,0
org.springframework.security:spring-security-core,214,885,210,0,270,416,199,0
org.springframework:spring-webmvc,269,786,269,0,129,435,222,0
org.springframework.cloud:spring-cloud-openfeign-core,49,15,15,0,0,15,0,0
org.springframework.security:spring-security-bom,188,98,98,0,0,98,0,0
org.springframework.security:spring-security-oauth2-client,145,128,99,0,0,128,0,0
org.springframework.data:spring-data-commons,218,99,65,0,0,82,17,0
org.springframework.cloud:spring-cloud-skipper,61,61,61,0,0,0,61,0
org.springframework.cloud:spring-cloud-config-server,77,52,41,0,40,12,0,0
org.springframework.ws:spring-xml,80,49,49,0,0,0,49,0
org.springframework.cloud:spring-cloud-task-dependencies,47,27,27,0,27,0,0,0
org.springframework:spring-oxm,220,34,17,0,34,0,0,0
org.springframework.graphql:spring-graphql,22,9,9,9,0,0,0,0
org.springframework:spring-messaging,188,145,145,0,145,0,0,0
org.springframework.social:spring-social-core,11,7,7,0,0,7,0,0
org.typelevel:grackle-core_2.13,8,6,6,0,0,6,0,0
org.torpedoquery:org.torpedoquery,23,20,20,0,0,0,20,0
org.typelevel:grackle-core_sjs1_2.13,8,6,6,0,0,6,0,0
org.typelevel:grackle-core_sjs1_3,8,6,6,0,0,6,0,0
org.typelevel:grackle-core_native0.4_2.13,8,6,6,0,0,6,0,0
org.togglz:togglz-console,54,28,28,0,0,28,0,0
org.typelevel:grackle-core_3,8,6,6,0,0,6,0,0
org.typelevel:grackle-core_native0.4_3,8,6,6,0,0,6,0,0
org.verapdf:core,26,26,26,0,0,26,0,0
org.verapdf:core-jakarta,1,1,1,0,0,1,0,0
org.webjars.bower:angular,91,75,75,0,0,75,0,0
org.vivoweb:vitro-project,20,12,12,0,0,12,0,0
org.webjars.bowergithub.wycats:handlebars.js,5,5,5,0,0,0,5,0
org.webjars.bowergithub.vaadin:vaadin-menu-bar,24,12,12,0,12,0,0,0
org.webjars.npm:angular,67,58,58,0,0,58,0,0
org.webjars.npm:dset,3,3,3,0,3,0,0,0
org.webjars.npm:dicer,2,2,2,0,0,2,0,0
org.webjars.npm:bootstrap,61,34,34,0,34,0,0,0
org.webjars.npm:cookiejar,6,5,5,0,5,0,0,0
org.webjars.npm:lite-server,5,5,5,0,0,5,0,0
org.webjars.npm:jquery,45,204,35,0,204,0,0,0
org.webjars.npm:handlebars,23,21,21,0,0,0,21,0
org.webjars.npm:json,1,1,1,0,0,1,0,0
org.webjars.npm:jquery-ui,10,36,9,0,33,3,0,0
org.webjars.npm:http-cache-semantics,4,3,3,0,0,3,0,0
org.webjars.npm:thenify,3,2,2,0,0,0,2,0
org.webjars.npm:swagger-ui,80,40,40,0,0,0,40,0
org.wildfly.core:wildfly-core-parent,366,292,292,0,0,292,0,0
org.wildfly.core:wildfly-server,367,478,287,287,191,0,0,0
org.webjars:handlebars,22,21,21,0,0,0,21,0
org.wildfly.security:wildfly-elytron,248,686,215,0,183,503,0,0
org.wildfly.bom:wildfly,81,102,66,0,36,66,0,0
org.wildfly.core:wildfly-controller,367,352,352,0,352,0,0,0
org.webjars.npm:xlsx,27,57,19,0,57,0,0,0
org.wildfly.security:wildfly-elytron-http-oidc,44,41,41,0,0,41,0,0
org.webjars:swagger-ui,188,91,91,0,0,0,91,0
org.webjars:bootstrap,83,256,60,0,256,0,0,0
org.wildfly.core:wildfly-host-controller,367,210,210,0,210,0,0,0
org.wildfly.security:wildfly-elytron-realm-token,119,119,119,0,0,119,0,0
org.webjars.npm:vuetify,188,121,121,0,121,0,0,0
org.wildfly:wildfly-domain-http,12,12,12,0,12,0,0,0
org.wso2.carbon.identity.framework:org.wso2.carbon.identity.application.authentication.framework,2297,1890,1890,0,0,1890,0,0
org.wso2.carbon.commons:org.wso2.carbon.ntask.core,139,102,102,0,102,0,0,0
org.wildfly:wildfly-undertow,116,85,42,0,48,37,0,0
org.wiremock:wiremock-webhooks-extension,33,12,12,0,12,0,0,0
org.wildfly:wildfly-metrics,42,5,5,0,5,0,0,0
org.wiremock:wiremock,20,8,8,8,0,0,0,0
org.wildfly:wildfly-dist,116,71,71,0,71,0,0,0
org.wso2.am:am-parent,81,66,66,0,0,0,66,0
org.wso2.carbon.event-processing:org.wso2.carbon.event.processor.core,62,50,50,0,50,0,0,0
org.wso2.carbon.apimgt:forum,1817,1817,1817,0,1817,0,0,0
org.wso2.carbon.governance:org.wso2.carbon.governance.common,69,51,51,0,51,0,0,0
org.wso2.carbon.analytics-common:org.wso2.carbon.event.input.adapter.core,118,86,86,0,86,0,0,0
org.wildfly:wildfly-parent,116,233,80,80,79,74,0,0
org.wiremock:wiremock-standalone,20,8,8,8,0,0,0,0
org.zenframework.z8.dependencies.commons:log4j-1.2.17,1,5,1,0,0,2,3,0
org.zkoss.zk:zk,76,70,70,0,0,70,0,0
org.zeroturnaround:zt-zip,14,9,9,0,9,0,0,0
org.wso2.carbon.registry:carbon-registry,77,180,69,0,180,0,0,0
org.xbib.elasticsearch:log4j,1,1,1,0,0,0,1,0
org.xwiki.rendering:xwiki-rendering-syntax-annotatedhtml5,355,285,285,0,0,0,285,0
org.xerial:sqlite-jdbc,86,59,59,0,0,59,0,0
org.xwiki.commons:xwiki-commons-velocity,463,762,441,0,0,321,441,0
org.xwiki.rendering:xwiki-rendering-syntax-xhtml,460,390,390,0,0,0,390,0
org.wso2.identity.apps:authentication-portal,2162,2026,2026,0,0,2026,0,0
org.zaproxy:zap,11,8,8,0,8,0,0,0
org.xwiki.rendering:xwiki-rendering-syntax-annotatedxhtml,419,349,349,0,0,0,349,0
org.yamcs:yamcs,121,460,115,0,230,115,115,0
org.xwiki.commons:xwiki-commons-xml,463,1504,411,0,349,0,1155,0
org.wso2.carbon.registry:org.wso2.carbon.registry.extensions,77,41,41,0,41,0,0,0
org.xwiki.rendering:xwiki-rendering-macro-footnotes,460,406,406,0,0,406,0,0
org.xwiki.commons:xwiki-commons-core,463,356,315,0,0,356,0,0
org.xwiki.rendering:xwiki-rendering-syntax-html5,355,285,285,0,0,0,285,0
org.xmlunit:xmlunit-core,25,25,25,25,0,0,0,0
org.xwiki.rendering:xwiki-rendering-syntax-html,440,370,370,0,0,0,370,0
org.xerial.snappy:snappy-java,80,303,78,0,150,153,0,0
org.wso2.transport.http:org.wso2.transport.http.netty,273,230,230,0,230,0,0,0
org.xwiki.rendering:xwiki-rendering-xml,413,12,12,0,0,0,12,0
org.yaml:snakeyaml,33,216,30,0,137,79,0,0
org.xwiki.commons:xwiki-commons,462,323,323,0,323,0,0,0
ro.pippo:pippo-core,27,69,23,0,0,0,69,0
ro.pippo:pippo-session,27,23,23,0,0,0,23,0
pl.allegro.tech.hermes:hermes-management,212,184,184,0,0,0,184,0
pl.droidsonroids.yaml:snakeyaml,3,3,3,0,3,0,0,0
ro.pippo:pippo-fastjson,27,23,23,0,0,0,23,0
postgresql:pljava-public,1,1,1,0,1,0,0,0
ro.pippo:pippo-jaxb,23,20,20,0,0,20,0,0
soap:soap,4,7,4,0,0,3,4,0
ru.yandex.clickhouse:clickhouse-jdbc-bridge,9,8,8,0,0,8,0,0
struts:struts,12,57,12,11,24,22,0,0
tech.powerjob:powerjob,15,22,5,0,9,5,8,0
software.amazon.awssdk.iotdevicesdk:aws-iot-device-sdk,101,189,49,0,189,0,0,0
tech.powerjob:powerjob-common,20,11,11,0,0,0,11,0
software.amazon.ion:ion-java,13,13,13,0,0,13,0,0
software.amazon.cryptography:aws-database-encryption-sdk-dynamodb,8,4,4,4,0,0,0,0
top.tangyh.basic:lamp-util,14,9,9,0,0,9,0,0
top.tangyh.basic:lamp-core,15,10,10,0,0,10,0,0
us.codecraft:webmagic-core,26,24,24,0,0,0,24,0
us.springett:alpine,28,52,26,0,26,26,0,0
xalan:xalan,12,21,11,0,0,21,0,0
uk.co.nichesolutions.logging.log4j:log4j-core,1,1,1,0,0,0,1,0
xerces:xercesImpl,20,85,19,0,51,34,0,0
