combined_name,group_id,artifact_id,release_version,release_timestamp,cve_id,cve_severity
ai.h2o:h2o-core,ai.h2o,h2o-core,3.42.0.2,2023-07-25,CVE-2024-6960,HIGH
ai.h2o:h2o-core,ai.h2o,h2o-core,3.42.0.3,2023-08-22,CVE-2024-6960,HIGH
ai.h2o:h2o-core,ai.h2o,h2o-core,3.8.2.9,2016-06-10,CVE-2024-6960,HIGH
ai.h2o:h2o-core,ai.h2o,h2o-core,3.8.2.9,2016-06-10,CVE-2023-6038,CRITICAL
ai.h2o:h2o-core,ai.h2o,h2o-core,3.42.0.1,2023-06-20,CVE-2024-6960,HIGH
ai.h2o:h2o-core,ai.h2o,h2o-core,3.8.2.1,2016-04-08,CVE-2024-6960,HIGH
ai.h2o:h2o-core,ai.h2o,h2o-core,3.8.2.1,2016-04-08,CVE-2023-6038,CRITICAL
ai.h2o:h2o-core,ai.h2o,h2o-core,3.8.2.4,2016-05-19,CVE-2024-6960,HIGH
ai.h2o:h2o-core,ai.h2o,h2o-core,3.8.2.4,2016-05-19,CVE-2023-6038,CRITICAL
ai.h2o:h2o-core,ai.h2o,h2o-core,3.8.2.3,2016-04-25,CVE-2024-6960,HIGH
ai.h2o:h2o-core,ai.h2o,h2o-core,3.8.2.3,2016-04-25,CVE-2023-6038,CRITICAL
ai.h2o:h2o-core,ai.h2o,h2o-core,0.1.6,2014-10-13,CVE-2024-6960,HIGH
ai.h2o:h2o-core,ai.h2o,h2o-core,0.1.6,2014-10-13,CVE-2023-6038,CRITICAL
ai.h2o:h2o-core,ai.h2o,h2o-core,3.42.0.4,2023-10-03,CVE-2024-6960,HIGH
ai.h2o:h2o-core,ai.h2o,h2o-core,3.30.0.5,2020-06-18,CVE-2024-6960,HIGH
ai.h2o:h2o-core,ai.h2o,h2o-core,3.30.0.5,2020-06-18,CVE-2023-6038,CRITICAL
ai.h2o:h2o-core,ai.h2o,h2o-core,3.30.0.6,2020-06-30,CVE-2024-6960,HIGH
ai.h2o:h2o-core,ai.h2o,h2o-core,3.30.0.6,2020-06-30,CVE-2023-6038,CRITICAL
ai.h2o:h2o-core,ai.h2o,h2o-core,3.30.0.1,2020-04-03,CVE-2024-6960,HIGH
ai.h2o:h2o-core,ai.h2o,h2o-core,3.30.0.1,2020-04-03,CVE-2023-6038,CRITICAL
ai.h2o:h2o-core,ai.h2o,h2o-core,3.30.0.7,2020-07-21,CVE-2024-6960,HIGH
ai.h2o:h2o-core,ai.h2o,h2o-core,3.30.0.7,2020-07-21,CVE-2023-6038,CRITICAL
ai.h2o:h2o-core,ai.h2o,h2o-core,3.30.0.2,2020-04-28,CVE-2024-6960,HIGH
ai.h2o:h2o-core,ai.h2o,h2o-core,3.30.0.2,2020-04-28,CVE-2023-6038,CRITICAL
ai.h2o:h2o-core,ai.h2o,h2o-core,3.8.2.11,2016-07-04,CVE-2024-6960,HIGH
ai.h2o:h2o-core,ai.h2o,h2o-core,3.8.2.11,2016-07-04,CVE-2023-6038,CRITICAL
ai.h2o:h2o-core,ai.h2o,h2o-core,0.1.4,2014-08-11,CVE-2024-6960,HIGH
ai.h2o:h2o-core,ai.h2o,h2o-core,0.1.4,2014-08-11,CVE-2023-6038,CRITICAL
ai.h2o:h2o-core,ai.h2o,h2o-core,0.1.9,2014-10-24,CVE-2024-6960,HIGH
ai.h2o:h2o-core,ai.h2o,h2o-core,0.1.9,2014-10-24,CVE-2023-6038,CRITICAL
ai.h2o:h2o-core,ai.h2o,h2o-core,0.1.8,2014-10-14,CVE-2024-6960,HIGH
ai.h2o:h2o-core,ai.h2o,h2o-core,0.1.8,2014-10-14,CVE-2023-6038,CRITICAL
ai.h2o:h2o-core,ai.h2o,h2o-core,3.8.2.6,2016-05-24,CVE-2024-6960,HIGH
ai.h2o:h2o-core,ai.h2o,h2o-core,3.8.2.6,2016-05-24,CVE-2023-6038,CRITICAL
ai.h2o:h2o-core,ai.h2o,h2o-core,3.8.2.7,2016-06-02,CVE-2024-6960,HIGH
ai.h2o:h2o-core,ai.h2o,h2o-core,3.8.2.7,2016-06-02,CVE-2023-6038,CRITICAL
ai.h2o:h2o-core,ai.h2o,h2o-core,0.3.0.2,2015-05-01,CVE-2024-6960,HIGH
ai.h2o:h2o-core,ai.h2o,h2o-core,0.3.0.2,2015-05-01,CVE-2023-6038,CRITICAL
ai.h2o:h2o-core,ai.h2o,h2o-core,3.8.2.8,2016-06-02,CVE-2024-6960,HIGH
ai.h2o:h2o-core,ai.h2o,h2o-core,3.8.2.8,2016-06-02,CVE-2023-6038,CRITICAL
ai.h2o:h2o-core,ai.h2o,h2o-core,3.0.0.30,2015-07-20,CVE-2024-6960,HIGH
ai.h2o:h2o-core,ai.h2o,h2o-core,3.0.0.30,2015-07-20,CVE-2023-6038,CRITICAL
ai.h2o:h2o-core,ai.h2o,h2o-core,3.40.0.4,2023-04-28,CVE-2024-6960,HIGH
ai.h2o:h2o-core,ai.h2o,h2o-core,3.40.0.4,2023-04-28,CVE-2023-6038,CRITICAL
ai.h2o:h2o-core,ai.h2o,h2o-core,3.30.0.3,2020-05-13,CVE-2024-6960,HIGH
ai.h2o:h2o-core,ai.h2o,h2o-core,3.30.0.3,2020-05-13,CVE-2023-6038,CRITICAL
ai.h2o:h2o-core,ai.h2o,h2o-core,3.18.0.11,2018-05-24,CVE-2024-6960,HIGH
ai.h2o:h2o-core,ai.h2o,h2o-core,3.18.0.11,2018-05-24,CVE-2023-6038,CRITICAL
ai.h2o:h2o-core,ai.h2o,h2o-core,3.30.0.4,2020-06-01,CVE-2024-6960,HIGH
ai.h2o:h2o-core,ai.h2o,h2o-core,3.30.0.4,2020-06-01,CVE-2023-6038,CRITICAL
ai.h2o:h2o-core,ai.h2o,h2o-core,0.1.3.1,2014-08-25,CVE-2024-6960,HIGH
ai.h2o:h2o-core,ai.h2o,h2o-core,0.1.3.1,2014-08-25,CVE-2023-6038,CRITICAL
ai.h2o:h2o-core,ai.h2o,h2o-core,3.18.0.10,2018-05-22,CVE-2024-6960,HIGH
ai.h2o:h2o-core,ai.h2o,h2o-core,3.18.0.10,2018-05-22,CVE-2023-6038,CRITICAL
ai.h2o:h2o-core,ai.h2o,h2o-core,3.40.0.3,2023-04-04,CVE-2024-6960,HIGH
ai.h2o:h2o-core,ai.h2o,h2o-core,3.40.0.3,2023-04-04,CVE-2023-6038,CRITICAL
ai.h2o:h2o-core,ai.h2o,h2o-core,3.40.0.2,2023-03-09,CVE-2024-6960,HIGH
ai.h2o:h2o-core,ai.h2o,h2o-core,3.40.0.2,2023-03-09,CVE-2023-6038,CRITICAL
ai.h2o:h2o-core,ai.h2o,h2o-core,3.40.0.1,2023-02-08,CVE-2024-6960,HIGH
ai.h2o:h2o-core,ai.h2o,h2o-core,3.40.0.1,2023-02-08,CVE-2023-6038,CRITICAL
ai.h2o:h2o-core,ai.h2o,h2o-core,3.10.4.9,2017-06-01,CVE-2024-6960,HIGH
ai.h2o:h2o-core,ai.h2o,h2o-core,3.10.4.9,2017-06-01,CVE-2023-6038,CRITICAL
ai.h2o:h2o-core,ai.h2o,h2o-core,3.10.3.3,2017-02-02,CVE-2024-6960,HIGH
ai.h2o:h2o-core,ai.h2o,h2o-core,3.10.3.3,2017-02-02,CVE-2023-6038,CRITICAL
ai.h2o:h2o-core,ai.h2o,h2o-core,3.10.3.1,2017-01-30,CVE-2024-6960,HIGH
ai.h2o:h2o-core,ai.h2o,h2o-core,3.10.3.1,2017-01-30,CVE-2023-6038,CRITICAL
ai.h2o:h2o-core,ai.h2o,h2o-core,3.18.0.5,2018-03-28,CVE-2024-6960,HIGH
ai.h2o:h2o-core,ai.h2o,h2o-core,3.18.0.5,2018-03-28,CVE-2023-6038,CRITICAL
ai.h2o:h2o-core,ai.h2o,h2o-core,3.18.0.6,2018-04-14,CVE-2024-6960,HIGH
ai.h2o:h2o-core,ai.h2o,h2o-core,3.18.0.6,2018-04-14,CVE-2023-6038,CRITICAL
ai.h2o:h2o-core,ai.h2o,h2o-core,3.2.0.6,2015-10-07,CVE-2024-6960,HIGH
ai.h2o:h2o-core,ai.h2o,h2o-core,3.2.0.6,2015-10-07,CVE-2023-6038,CRITICAL
ai.h2o:h2o-core,ai.h2o,h2o-core,3.22.0.4,2019-01-04,CVE-2024-6960,HIGH
ai.h2o:h2o-core,ai.h2o,h2o-core,3.22.0.4,2019-01-04,CVE-2023-6038,CRITICAL
ai.h2o:h2o-core,ai.h2o,h2o-core,0.1.12,2014-11-14,CVE-2024-6960,HIGH
ai.h2o:h2o-core,ai.h2o,h2o-core,0.1.12,2014-11-14,CVE-2023-6038,CRITICAL
ai.h2o:h2o-core,ai.h2o,h2o-core,3.22.0.3,2018-12-21,CVE-2024-6960,HIGH
ai.h2o:h2o-core,ai.h2o,h2o-core,3.22.0.3,2018-12-21,CVE-2023-6038,CRITICAL
ai.h2o:h2o-core,ai.h2o,h2o-core,3.22.0.5,2019-01-16,CVE-2024-6960,HIGH
ai.h2o:h2o-core,ai.h2o,h2o-core,3.22.0.5,2019-01-16,CVE-2023-6038,CRITICAL
ai.h2o:h2o-core,ai.h2o,h2o-core,3.22.0.2,2018-11-22,CVE-2024-6960,HIGH
ai.h2o:h2o-core,ai.h2o,h2o-core,3.22.0.2,2018-11-22,CVE-2023-6038,CRITICAL
ai.h2o:h2o-core,ai.h2o,h2o-core,3.18.0.3,2018-02-27,CVE-2024-6960,HIGH
ai.h2o:h2o-core,ai.h2o,h2o-core,3.18.0.3,2018-02-27,CVE-2023-6038,CRITICAL
ai.h2o:h2o-core,ai.h2o,h2o-core,0.1.11,2014-11-11,CVE-2024-6960,HIGH
ai.h2o:h2o-core,ai.h2o,h2o-core,0.1.11,2014-11-11,CVE-2023-6038,CRITICAL
ai.h2o:h2o-core,ai.h2o,h2o-core,3.10.4.8,2017-05-21,CVE-2024-6960,HIGH
ai.h2o:h2o-core,ai.h2o,h2o-core,3.10.4.8,2017-05-21,CVE-2023-6038,CRITICAL
ai.h2o:h2o-core,ai.h2o,h2o-core,3.10.4.7,2017-05-08,CVE-2024-6960,HIGH
ai.h2o:h2o-core,ai.h2o,h2o-core,3.10.4.7,2017-05-08,CVE-2023-6038,CRITICAL
ai.h2o:h2o-core,ai.h2o,h2o-core,3.2.0.1,2015-09-12,CVE-2024-6960,HIGH
ai.h2o:h2o-core,ai.h2o,h2o-core,3.2.0.1,2015-09-12,CVE-2023-6038,CRITICAL
ai.h2o:h2o-core,ai.h2o,h2o-core,3.2.0.5,2015-09-24,CVE-2024-6960,HIGH
ai.h2o:h2o-core,ai.h2o,h2o-core,3.2.0.5,2015-09-24,CVE-2023-6038,CRITICAL
ai.h2o:h2o-core,ai.h2o,h2o-core,3.22.1.2,2019-01-18,CVE-2024-6960,HIGH
ai.h2o:h2o-core,ai.h2o,h2o-core,3.22.1.2,2019-01-18,CVE-2023-6038,CRITICAL
ai.h2o:h2o-core,ai.h2o,h2o-core,3.22.1.4,2019-02-15,CVE-2024-6960,HIGH
ai.h2o:h2o-core,ai.h2o,h2o-core,3.22.1.4,2019-02-15,CVE-2023-6038,CRITICAL
ai.h2o:h2o-core,ai.h2o,h2o-core,3.2.0.2,2015-09-20,CVE-2024-6960,HIGH
ai.h2o:h2o-core,ai.h2o,h2o-core,3.2.0.2,2015-09-20,CVE-2023-6038,CRITICAL
ai.h2o:h2o-core,ai.h2o,h2o-core,3.18.0.2,2018-02-20,CVE-2024-6960,HIGH
ai.h2o:h2o-core,ai.h2o,h2o-core,3.18.0.2,2018-02-20,CVE-2023-6038,CRITICAL
ai.h2o:h2o-core,ai.h2o,h2o-core,3.18.0.1,2018-02-13,CVE-2024-6960,HIGH
ai.h2o:h2o-core,ai.h2o,h2o-core,3.18.0.1,2018-02-13,CVE-2023-6038,CRITICAL
ai.h2o:h2o-core,ai.h2o,h2o-core,3.2.0.3,2015-09-21,CVE-2024-6960,HIGH
ai.h2o:h2o-core,ai.h2o,h2o-core,3.2.0.3,2015-09-21,CVE-2023-6038,CRITICAL
ai.h2o:h2o-core,ai.h2o,h2o-core,3.2.0.4,2015-09-22,CVE-2024-6960,HIGH
ai.h2o:h2o-core,ai.h2o,h2o-core,3.2.0.4,2015-09-22,CVE-2023-6038,CRITICAL
ai.h2o:h2o-core,ai.h2o,h2o-core,3.46.0.3,2024-06-11,CVE-2024-6960,HIGH
ai.h2o:h2o-core,ai.h2o,h2o-core,3.22.1.3,2019-01-25,CVE-2024-6960,HIGH
ai.h2o:h2o-core,ai.h2o,h2o-core,3.22.1.3,2019-01-25,CVE-2023-6038,CRITICAL
ai.h2o:h2o-core,ai.h2o,h2o-core,3.46.0.4,2024-07-09,CVE-2024-6960,HIGH
ai.h2o:h2o-core,ai.h2o,h2o-core,3.10.4.12,2017-10-06,CVE-2024-6960,HIGH
ai.h2o:h2o-core,ai.h2o,h2o-core,3.10.4.12,2017-10-06,CVE-2023-6038,CRITICAL
ai.h2o:h2o-core,ai.h2o,h2o-core,3.46.0.2,2024-05-13,CVE-2024-6960,HIGH
ai.h2o:h2o-core,ai.h2o,h2o-core,3.22.1.1,2018-12-28,CVE-2024-6960,HIGH
ai.h2o:h2o-core,ai.h2o,h2o-core,3.22.1.1,2018-12-28,CVE-2023-6038,CRITICAL
ai.h2o:h2o-core,ai.h2o,h2o-core,3.10.4.11,2017-10-05,CVE-2024-6960,HIGH
ai.h2o:h2o-core,ai.h2o,h2o-core,3.10.4.11,2017-10-05,CVE-2023-6038,CRITICAL
ai.h2o:h2o-core,ai.h2o,h2o-core,3.36.0.4,2022-03-30,CVE-2024-6960,HIGH
ai.h2o:h2o-core,ai.h2o,h2o-core,3.36.0.4,2022-03-30,CVE-2023-6038,CRITICAL
ai.h2o:h2o-core,ai.h2o,h2o-core,3.36.0.3,2022-02-16,CVE-2024-6960,HIGH
ai.h2o:h2o-core,ai.h2o,h2o-core,3.36.0.3,2022-02-16,CVE-2023-6038,CRITICAL
ai.h2o:h2o-core,ai.h2o,h2o-core,3.36.0.1,2021-12-29,CVE-2024-6960,HIGH
ai.h2o:h2o-core,ai.h2o,h2o-core,3.36.0.1,2021-12-29,CVE-2023-6038,CRITICAL
ai.h2o:h2o-core,ai.h2o,h2o-core,3.36.0.2,2022-01-25,CVE-2024-6960,HIGH
ai.h2o:h2o-core,ai.h2o,h2o-core,3.36.0.2,2022-01-25,CVE-2023-6038,CRITICAL
ai.h2o:h2o-core,ai.h2o,h2o-core,3.14.0.5,2017-10-09,CVE-2024-6960,HIGH
ai.h2o:h2o-core,ai.h2o,h2o-core,3.14.0.5,2017-10-09,CVE-2023-6038,CRITICAL
ai.h2o:h2o-core,ai.h2o,h2o-core,0.1.5,2014-08-25,CVE-2024-6960,HIGH
ai.h2o:h2o-core,ai.h2o,h2o-core,0.1.5,2014-08-25,CVE-2023-6038,CRITICAL
ai.h2o:h2o-core,ai.h2o,h2o-core,3.10.0.2,2016-07-29,CVE-2024-6960,HIGH
ai.h2o:h2o-core,ai.h2o,h2o-core,3.10.0.2,2016-07-29,CVE-2023-6038,CRITICAL
ai.h2o:h2o-core,ai.h2o,h2o-core,3.10.0.9,2016-10-25,CVE-2024-6960,HIGH
ai.h2o:h2o-core,ai.h2o,h2o-core,3.10.0.9,2016-10-25,CVE-2023-6038,CRITICAL
ai.h2o:h2o-core,ai.h2o,h2o-core,3.10.0.8,2016-10-10,CVE-2024-6960,HIGH
ai.h2o:h2o-core,ai.h2o,h2o-core,3.10.0.8,2016-10-10,CVE-2023-6038,CRITICAL
ai.h2o:h2o-core,ai.h2o,h2o-core,3.10.0.1,2016-07-28,CVE-2024-6960,HIGH
ai.h2o:h2o-core,ai.h2o,h2o-core,3.10.0.1,2016-07-28,CVE-2023-6038,CRITICAL
ai.h2o:h2o-core,ai.h2o,h2o-core,3.6.0.10,2015-12-08,CVE-2024-6960,HIGH
ai.h2o:h2o-core,ai.h2o,h2o-core,3.6.0.10,2015-12-08,CVE-2023-6038,CRITICAL
ai.h2o:h2o-core,ai.h2o,h2o-core,3.10.0.7,2016-09-20,CVE-2024-6960,HIGH
ai.h2o:h2o-core,ai.h2o,h2o-core,3.10.0.7,2016-09-20,CVE-2023-6038,CRITICAL
ai.h2o:h2o-core,ai.h2o,h2o-core,3.10.2.2,2017-01-12,CVE-2024-6960,HIGH
ai.h2o:h2o-core,ai.h2o,h2o-core,3.10.2.2,2017-01-12,CVE-2023-6038,CRITICAL
ai.h2o:h2o-core,ai.h2o,h2o-core,3.10.2.1,2016-12-22,CVE-2024-6960,HIGH
ai.h2o:h2o-core,ai.h2o,h2o-core,3.10.2.1,2016-12-22,CVE-2023-6038,CRITICAL
ai.h2o:h2o-core,ai.h2o,h2o-core,0.1.24,2015-02-04,CVE-2024-6960,HIGH
ai.h2o:h2o-core,ai.h2o,h2o-core,0.1.24,2015-02-04,CVE-2023-6038,CRITICAL
ai.h2o:h2o-core,ai.h2o,h2o-core,3.32.1.7,2021-09-02,CVE-2024-6960,HIGH
ai.h2o:h2o-core,ai.h2o,h2o-core,3.32.1.7,2021-09-02,CVE-2023-6038,CRITICAL
ai.h2o:h2o-core,ai.h2o,h2o-core,3.10.1.1,2016-12-01,CVE-2024-6960,HIGH
ai.h2o:h2o-core,ai.h2o,h2o-core,3.10.1.1,2016-12-01,CVE-2023-6038,CRITICAL
ai.h2o:h2o-core,ai.h2o,h2o-core,3.0.0.26,2015-07-04,CVE-2024-6960,HIGH
ai.h2o:h2o-core,ai.h2o,h2o-core,3.0.0.26,2015-07-04,CVE-2023-6038,CRITICAL
ai.h2o:h2o-core,ai.h2o,h2o-core,3.32.1.6,2021-08-19,CVE-2024-6960,HIGH
ai.h2o:h2o-core,ai.h2o,h2o-core,3.32.1.6,2021-08-19,CVE-2023-6038,CRITICAL
ai.h2o:h2o-core,ai.h2o,h2o-core,3.6.0.11,2015-12-09,CVE-2024-6960,HIGH
ai.h2o:h2o-core,ai.h2o,h2o-core,3.6.0.11,2015-12-09,CVE-2023-6038,CRITICAL
ai.h2o:h2o-core,ai.h2o,h2o-core,3.6.0.12,2016-06-07,CVE-2024-6960,HIGH
ai.h2o:h2o-core,ai.h2o,h2o-core,3.6.0.12,2016-06-07,CVE-2023-6038,CRITICAL
ai.h2o:h2o-core,ai.h2o,h2o-core,0.2.3.6,2015-05-08,CVE-2024-6960,HIGH
ai.h2o:h2o-core,ai.h2o,h2o-core,0.2.3.6,2015-05-08,CVE-2023-6038,CRITICAL
ai.h2o:h2o-core,ai.h2o,h2o-core,3.10.1.2,2016-12-13,CVE-2024-6960,HIGH
ai.h2o:h2o-core,ai.h2o,h2o-core,3.10.1.2,2016-12-13,CVE-2023-6038,CRITICAL
ai.h2o:h2o-core,ai.h2o,h2o-core,3.14.0.1,2017-08-10,CVE-2024-6960,HIGH
ai.h2o:h2o-core,ai.h2o,h2o-core,3.14.0.1,2017-08-10,CVE-2023-6038,CRITICAL
ai.h2o:h2o-core,ai.h2o,h2o-core,3.0.0.25,2015-06-25,CVE-2024-6960,HIGH
ai.h2o:h2o-core,ai.h2o,h2o-core,3.0.0.25,2015-06-25,CVE-2023-6038,CRITICAL
ai.h2o:h2o-core,ai.h2o,h2o-core,3.14.0.6,2017-10-09,CVE-2024-6960,HIGH
ai.h2o:h2o-core,ai.h2o,h2o-core,3.14.0.6,2017-10-09,CVE-2023-6038,CRITICAL
ai.h2o:h2o-core,ai.h2o,h2o-core,3.14.0.3,2017-09-22,CVE-2024-6960,HIGH
ai.h2o:h2o-core,ai.h2o,h2o-core,3.14.0.3,2017-09-22,CVE-2023-6038,CRITICAL
ai.h2o:h2o-core,ai.h2o,h2o-core,3.14.0.4,2017-10-07,CVE-2024-6960,HIGH
ai.h2o:h2o-core,ai.h2o,h2o-core,3.14.0.4,2017-10-07,CVE-2023-6038,CRITICAL
ai.h2o:h2o-core,ai.h2o,h2o-core,3.14.0.2,2017-08-21,CVE-2024-6960,HIGH
ai.h2o:h2o-core,ai.h2o,h2o-core,3.14.0.2,2017-08-21,CVE-2023-6038,CRITICAL
ai.h2o:h2o-core,ai.h2o,h2o-core,3.26.0.10,2019-11-07,CVE-2024-6960,HIGH
ai.h2o:h2o-core,ai.h2o,h2o-core,3.26.0.10,2019-11-07,CVE-2023-6038,CRITICAL
ai.h2o:h2o-core,ai.h2o,h2o-core,3.10.5.1,2017-06-09,CVE-2024-6960,HIGH
ai.h2o:h2o-core,ai.h2o,h2o-core,3.10.5.1,2017-06-09,CVE-2023-6038,CRITICAL
ai.h2o:h2o-core,ai.h2o,h2o-core,3.32.1.1,2021-03-25,CVE-2024-6960,HIGH
ai.h2o:h2o-core,ai.h2o,h2o-core,3.32.1.1,2021-03-25,CVE-2023-6038,CRITICAL
ai.h2o:h2o-core,ai.h2o,h2o-core,3.8.1.4,2016-03-16,CVE-2024-6960,HIGH
ai.h2o:h2o-core,ai.h2o,h2o-core,3.8.1.4,2016-03-16,CVE-2023-6038,CRITICAL
ai.h2o:h2o-core,ai.h2o,h2o-core,3.8.1.2,2016-03-04,CVE-2024-6960,HIGH
ai.h2o:h2o-core,ai.h2o,h2o-core,3.8.1.2,2016-03-04,CVE-2023-6038,CRITICAL
ai.h2o:h2o-core,ai.h2o,h2o-core,3.8.1.1,2016-03-02,CVE-2024-6960,HIGH
ai.h2o:h2o-core,ai.h2o,h2o-core,3.8.1.1,2016-03-02,CVE-2023-6038,CRITICAL
ai.h2o:h2o-core,ai.h2o,h2o-core,3.10.4.2,2017-03-18,CVE-2024-6960,HIGH
ai.h2o:h2o-core,ai.h2o,h2o-core,3.10.4.2,2017-03-18,CVE-2023-6038,CRITICAL
ai.h2o:h2o-core,ai.h2o,h2o-core,3.10.4.1,2017-03-03,CVE-2024-6960,HIGH
ai.h2o:h2o-core,ai.h2o,h2o-core,3.10.4.1,2017-03-03,CVE-2023-6038,CRITICAL
ai.h2o:h2o-core,ai.h2o,h2o-core,3.26.0.11,2019-12-05,CVE-2024-6960,HIGH
ai.h2o:h2o-core,ai.h2o,h2o-core,3.26.0.11,2019-12-05,CVE-2023-6038,CRITICAL
ai.h2o:h2o-core,ai.h2o,h2o-core,3.26.0.3,2019-08-23,CVE-2024-6960,HIGH
ai.h2o:h2o-core,ai.h2o,h2o-core,3.26.0.3,2019-08-23,CVE-2023-6038,CRITICAL
ai.h2o:h2o-core,ai.h2o,h2o-core,0.1.19,2015-01-16,CVE-2024-6960,HIGH
ai.h2o:h2o-core,ai.h2o,h2o-core,0.1.19,2015-01-16,CVE-2023-6038,CRITICAL
ai.h2o:h2o-core,ai.h2o,h2o-core,3.28.0.1,2019-12-16,CVE-2024-6960,HIGH
ai.h2o:h2o-core,ai.h2o,h2o-core,3.28.0.1,2019-12-16,CVE-2023-6038,CRITICAL
ai.h2o:h2o-core,ai.h2o,h2o-core,3.28.0.4,2020-02-23,CVE-2024-6960,HIGH
ai.h2o:h2o-core,ai.h2o,h2o-core,3.28.0.4,2020-02-23,CVE-2023-6038,CRITICAL
ai.h2o:h2o-core,ai.h2o,h2o-core,3.26.0.4,2019-09-12,CVE-2024-6960,HIGH
ai.h2o:h2o-core,ai.h2o,h2o-core,3.26.0.4,2019-09-12,CVE-2023-6038,CRITICAL
ai.h2o:h2o-core,ai.h2o,h2o-core,3.26.0.5,2019-09-16,CVE-2024-6960,HIGH
ai.h2o:h2o-core,ai.h2o,h2o-core,3.26.0.5,2019-09-16,CVE-2023-6038,CRITICAL
ai.h2o:h2o-core,ai.h2o,h2o-core,3.26.0.2,2019-07-26,CVE-2024-6960,HIGH
ai.h2o:h2o-core,ai.h2o,h2o-core,3.26.0.2,2019-07-26,CVE-2023-6038,CRITICAL
ai.h2o:h2o-core,ai.h2o,h2o-core,3.26.0.1,2019-07-15,CVE-2024-6960,HIGH
ai.h2o:h2o-core,ai.h2o,h2o-core,3.26.0.1,2019-07-15,CVE-2023-6038,CRITICAL
ai.h2o:h2o-core,ai.h2o,h2o-core,3.8.1.3,2016-03-06,CVE-2024-6960,HIGH
ai.h2o:h2o-core,ai.h2o,h2o-core,3.8.1.3,2016-03-06,CVE-2023-6038,CRITICAL
ai.h2o:h2o-core,ai.h2o,h2o-core,3.28.0.3,2020-02-05,CVE-2024-6960,HIGH
ai.h2o:h2o-core,ai.h2o,h2o-core,3.28.0.3,2020-02-05,CVE-2023-6038,CRITICAL
ai.h2o:h2o-core,ai.h2o,h2o-core,3.28.0.2,2020-01-20,CVE-2024-6960,HIGH
ai.h2o:h2o-core,ai.h2o,h2o-core,3.28.0.2,2020-01-20,CVE-2023-6038,CRITICAL
ai.h2o:h2o-core,ai.h2o,h2o-core,3.32.1.5,2021-08-04,CVE-2024-6960,HIGH
ai.h2o:h2o-core,ai.h2o,h2o-core,3.32.1.5,2021-08-04,CVE-2023-6038,CRITICAL
ai.h2o:h2o-core,ai.h2o,h2o-core,3.2.0.9,2015-10-19,CVE-2024-6960,HIGH
ai.h2o:h2o-core,ai.h2o,h2o-core,3.2.0.9,2015-10-19,CVE-2023-6038,CRITICAL
ai.h2o:h2o-core,ai.h2o,h2o-core,3.32.1.4,2021-07-08,CVE-2024-6960,HIGH
ai.h2o:h2o-core,ai.h2o,h2o-core,3.32.1.4,2021-07-08,CVE-2023-6038,CRITICAL
ai.h2o:h2o-core,ai.h2o,h2o-core,3.38.0.2,2022-10-27,CVE-2024-6960,HIGH
ai.h2o:h2o-core,ai.h2o,h2o-core,3.38.0.2,2022-10-27,CVE-2023-6038,CRITICAL
ai.h2o:h2o-core,ai.h2o,h2o-core,3.38.0.1,2022-09-19,CVE-2024-6960,HIGH
ai.h2o:h2o-core,ai.h2o,h2o-core,3.38.0.1,2022-09-19,CVE-2023-6038,CRITICAL
ai.h2o:h2o-core,ai.h2o,h2o-core,3.32.1.2,2021-04-29,CVE-2024-6960,HIGH
ai.h2o:h2o-core,ai.h2o,h2o-core,3.32.1.2,2021-04-29,CVE-2023-6038,CRITICAL
ai.h2o:h2o-core,ai.h2o,h2o-core,3.38.0.3,2022-11-23,CVE-2024-6960,HIGH
ai.h2o:h2o-core,ai.h2o,h2o-core,3.38.0.3,2022-11-23,CVE-2023-6038,CRITICAL
ai.h2o:h2o-core,ai.h2o,h2o-core,0.1.18,2015-01-15,CVE-2024-6960,HIGH
ai.h2o:h2o-core,ai.h2o,h2o-core,0.1.18,2015-01-15,CVE-2023-6038,CRITICAL
ai.h2o:h2o-core,ai.h2o,h2o-core,0.1.13,2014-11-16,CVE-2024-6960,HIGH
ai.h2o:h2o-core,ai.h2o,h2o-core,0.1.13,2014-11-16,CVE-2023-6038,CRITICAL
ai.h2o:h2o-core,ai.h2o,h2o-core,0.1.14,2014-12-17,CVE-2024-6960,HIGH
ai.h2o:h2o-core,ai.h2o,h2o-core,0.1.14,2014-12-17,CVE-2023-6038,CRITICAL
ai.h2o:h2o-core,ai.h2o,h2o-core,0.1.15,2014-12-17,CVE-2024-6960,HIGH
ai.h2o:h2o-core,ai.h2o,h2o-core,0.1.15,2014-12-17,CVE-2023-6038,CRITICAL
ai.h2o:h2o-core,ai.h2o,h2o-core,3.16.0.12,2018-05-21,CVE-2024-6960,HIGH
ai.h2o:h2o-core,ai.h2o,h2o-core,3.16.0.12,2018-05-21,CVE-2023-6038,CRITICAL
ai.h2o:h2o-core,ai.h2o,h2o-core,0.1.16,2014-12-28,CVE-2024-6960,HIGH
ai.h2o:h2o-core,ai.h2o,h2o-core,0.1.16,2014-12-28,CVE-2023-6038,CRITICAL
ai.h2o:h2o-core,ai.h2o,h2o-core,0.1.17,2015-01-10,CVE-2024-6960,HIGH
ai.h2o:h2o-core,ai.h2o,h2o-core,0.1.17,2015-01-10,CVE-2023-6038,CRITICAL
ai.h2o:h2o-core,ai.h2o,h2o-core,3.10.0.10,2016-11-07,CVE-2024-6960,HIGH
ai.h2o:h2o-core,ai.h2o,h2o-core,3.10.0.10,2016-11-07,CVE-2023-6038,CRITICAL
ai.h2o:h2o-core,ai.h2o,h2o-core,3.2.0.7,2015-10-09,CVE-2024-6960,HIGH
ai.h2o:h2o-core,ai.h2o,h2o-core,3.2.0.7,2015-10-09,CVE-2023-6038,CRITICAL
ai.h2o:h2o-core,ai.h2o,h2o-core,3.36.1.4,2022-08-03,CVE-2024-6960,HIGH
ai.h2o:h2o-core,ai.h2o,h2o-core,3.36.1.4,2022-08-03,CVE-2023-6038,CRITICAL
ai.h2o:h2o-core,ai.h2o,h2o-core,3.8.0.4,2016-02-17,CVE-2024-6960,HIGH
ai.h2o:h2o-core,ai.h2o,h2o-core,3.8.0.4,2016-02-17,CVE-2023-6038,CRITICAL
ai.h2o:h2o-core,ai.h2o,h2o-core,3.36.1.5,2022-09-15,CVE-2024-6960,HIGH
ai.h2o:h2o-core,ai.h2o,h2o-core,3.36.1.5,2022-09-15,CVE-2023-6038,CRITICAL
ai.h2o:h2o-core,ai.h2o,h2o-core,3.32.1.3,2021-05-19,CVE-2024-6960,HIGH
ai.h2o:h2o-core,ai.h2o,h2o-core,3.32.1.3,2021-05-19,CVE-2023-6038,CRITICAL
ai.h2o:h2o-core,ai.h2o,h2o-core,3.8.0.3,2016-02-12,CVE-2024-6960,HIGH
ai.h2o:h2o-core,ai.h2o,h2o-core,3.8.0.3,2016-02-12,CVE-2023-6038,CRITICAL
ai.h2o:h2o-core,ai.h2o,h2o-core,3.8.0.5,2016-02-22,CVE-2024-6960,HIGH
ai.h2o:h2o-core,ai.h2o,h2o-core,3.8.0.5,2016-02-22,CVE-2023-6038,CRITICAL
ai.h2o:h2o-core,ai.h2o,h2o-core,3.38.0.4,2023-01-05,CVE-2024-6960,HIGH
ai.h2o:h2o-core,ai.h2o,h2o-core,3.38.0.4,2023-01-05,CVE-2023-6038,CRITICAL
ai.h2o:h2o-core,ai.h2o,h2o-core,3.8.0.6,2016-02-22,CVE-2024-6960,HIGH
ai.h2o:h2o-core,ai.h2o,h2o-core,3.8.0.6,2016-02-22,CVE-2023-6038,CRITICAL
ai.h2o:h2o-core,ai.h2o,h2o-core,3.2.0.8,2015-10-12,CVE-2024-6960,HIGH
ai.h2o:h2o-core,ai.h2o,h2o-core,3.2.0.8,2015-10-12,CVE-2023-6038,CRITICAL
ai.h2o:h2o-core,ai.h2o,h2o-core,0.1.10,2014-11-07,CVE-2024-6960,HIGH
ai.h2o:h2o-core,ai.h2o,h2o-core,0.1.10,2014-11-07,CVE-2023-6038,CRITICAL
ai.h2o:h2o-core,ai.h2o,h2o-core,3.35.0.2,2021-10-06,CVE-2024-6960,HIGH
ai.h2o:h2o-core,ai.h2o,h2o-core,3.35.0.2,2021-10-06,CVE-2023-6038,CRITICAL
ai.h2o:h2o-core,ai.h2o,h2o-core,0.1.3,2014-07-31,CVE-2024-6960,HIGH
ai.h2o:h2o-core,ai.h2o,h2o-core,0.1.3,2014-07-31,CVE-2023-6038,CRITICAL
ai.h2o:h2o-core,ai.h2o,h2o-core,3.0.0.12,2015-05-24,CVE-2024-6960,HIGH
ai.h2o:h2o-core,ai.h2o,h2o-core,3.0.0.12,2015-05-24,CVE-2023-6038,CRITICAL
ai.h2o:h2o-core,ai.h2o,h2o-core,3.36.1.2,2022-05-26,CVE-2024-6960,HIGH
ai.h2o:h2o-core,ai.h2o,h2o-core,3.36.1.2,2022-05-26,CVE-2023-6038,CRITICAL
ai.h2o:h2o-core,ai.h2o,h2o-core,0.1.22,2015-01-30,CVE-2024-6960,HIGH
ai.h2o:h2o-core,ai.h2o,h2o-core,0.1.22,2015-01-30,CVE-2023-6038,CRITICAL
ai.h2o:h2o-core,ai.h2o,h2o-core,3.36.1.1,2022-04-13,CVE-2024-6960,HIGH
ai.h2o:h2o-core,ai.h2o,h2o-core,3.36.1.1,2022-04-13,CVE-2023-6038,CRITICAL
ai.h2o:h2o-core,ai.h2o,h2o-core,3.8.0.2,2016-02-11,CVE-2024-6960,HIGH
ai.h2o:h2o-core,ai.h2o,h2o-core,3.8.0.2,2016-02-11,CVE-2023-6038,CRITICAL
ai.h2o:h2o-core,ai.h2o,h2o-core,3.14.0.7,2017-10-20,CVE-2024-6960,HIGH
ai.h2o:h2o-core,ai.h2o,h2o-core,3.14.0.7,2017-10-20,CVE-2023-6038,CRITICAL
ai.h2o:h2o-core,ai.h2o,h2o-core,3.12.0.1,2017-06-07,CVE-2024-6960,HIGH
ai.h2o:h2o-core,ai.h2o,h2o-core,3.12.0.1,2017-06-07,CVE-2023-6038,CRITICAL
ai.h2o:h2o-core,ai.h2o,h2o-core,3.36.1.3,2022-07-08,CVE-2024-6960,HIGH
ai.h2o:h2o-core,ai.h2o,h2o-core,3.36.1.3,2022-07-08,CVE-2023-6038,CRITICAL
ai.h2o:h2o-core,ai.h2o,h2o-core,0.1.23,2015-02-03,CVE-2024-6960,HIGH
ai.h2o:h2o-core,ai.h2o,h2o-core,0.1.23,2015-02-03,CVE-2023-6038,CRITICAL
ai.h2o:h2o-core,ai.h2o,h2o-core,0.1.25,2015-02-05,CVE-2024-6960,HIGH
ai.h2o:h2o-core,ai.h2o,h2o-core,0.1.25,2015-02-05,CVE-2023-6038,CRITICAL
ai.h2o:h2o-core,ai.h2o,h2o-core,3.16.0.10,2018-05-16,CVE-2024-6960,HIGH
ai.h2o:h2o-core,ai.h2o,h2o-core,3.16.0.10,2018-05-16,CVE-2023-6038,CRITICAL
ai.h2o:h2o-core,ai.h2o,h2o-core,0.1.21,2015-01-26,CVE-2024-6960,HIGH
ai.h2o:h2o-core,ai.h2o,h2o-core,0.1.21,2015-01-26,CVE-2023-6038,CRITICAL
ai.h2o:h2o-core,ai.h2o,h2o-core,3.16.0.11,2018-05-16,CVE-2024-6960,HIGH
ai.h2o:h2o-core,ai.h2o,h2o-core,3.16.0.11,2018-05-16,CVE-2023-6038,CRITICAL
ai.h2o:h2o-core,ai.h2o,h2o-core,3.8.0.1,2016-02-04,CVE-2024-6960,HIGH
ai.h2o:h2o-core,ai.h2o,h2o-core,3.8.0.1,2016-02-04,CVE-2023-6038,CRITICAL
ai.h2o:h2o-core,ai.h2o,h2o-core,3.0.1.3,2015-07-22,CVE-2024-6960,HIGH
ai.h2o:h2o-core,ai.h2o,h2o-core,3.0.1.3,2015-07-22,CVE-2023-6038,CRITICAL
ai.h2o:h2o-core,ai.h2o,h2o-core,3.10.4.5,2017-04-19,CVE-2024-6960,HIGH
ai.h2o:h2o-core,ai.h2o,h2o-core,3.10.4.5,2017-04-19,CVE-2023-6038,CRITICAL
ai.h2o:h2o-core,ai.h2o,h2o-core,3.8.3.1,2016-07-01,CVE-2024-6960,HIGH
ai.h2o:h2o-core,ai.h2o,h2o-core,3.8.3.1,2016-07-01,CVE-2023-6038,CRITICAL
ai.h2o:h2o-core,ai.h2o,h2o-core,3.0.1.4,2015-07-29,CVE-2024-6960,HIGH
ai.h2o:h2o-core,ai.h2o,h2o-core,3.0.1.4,2015-07-29,CVE-2023-6038,CRITICAL
ai.h2o:h2o-core,ai.h2o,h2o-core,3.10.5.3,2017-06-30,CVE-2024-6960,HIGH
ai.h2o:h2o-core,ai.h2o,h2o-core,3.10.5.3,2017-06-30,CVE-2023-6038,CRITICAL
ai.h2o:h2o-core,ai.h2o,h2o-core,3.10.4.6,2017-04-26,CVE-2024-6960,HIGH
ai.h2o:h2o-core,ai.h2o,h2o-core,3.10.4.6,2017-04-26,CVE-2023-6038,CRITICAL
ai.h2o:h2o-core,ai.h2o,h2o-core,3.8.3.2,2016-07-01,CVE-2024-6960,HIGH
ai.h2o:h2o-core,ai.h2o,h2o-core,3.8.3.2,2016-07-01,CVE-2023-6038,CRITICAL
ai.h2o:h2o-core,ai.h2o,h2o-core,3.8.3.3,2016-07-12,CVE-2024-6960,HIGH
ai.h2o:h2o-core,ai.h2o,h2o-core,3.8.3.3,2016-07-12,CVE-2023-6038,CRITICAL
ai.h2o:h2o-core,ai.h2o,h2o-core,3.10.5.4,2017-07-17,CVE-2024-6960,HIGH
ai.h2o:h2o-core,ai.h2o,h2o-core,3.10.5.4,2017-07-17,CVE-2023-6038,CRITICAL
ai.h2o:h2o-core,ai.h2o,h2o-core,3.10.5.2,2017-06-19,CVE-2024-6960,HIGH
ai.h2o:h2o-core,ai.h2o,h2o-core,3.10.5.2,2017-06-19,CVE-2023-6038,CRITICAL
ai.h2o:h2o-core,ai.h2o,h2o-core,3.0.1.2,2015-07-21,CVE-2024-6960,HIGH
ai.h2o:h2o-core,ai.h2o,h2o-core,3.0.1.2,2015-07-21,CVE-2023-6038,CRITICAL
ai.h2o:h2o-core,ai.h2o,h2o-core,3.8.3.4,2016-07-15,CVE-2024-6960,HIGH
ai.h2o:h2o-core,ai.h2o,h2o-core,3.8.3.4,2016-07-15,CVE-2023-6038,CRITICAL
ai.h2o:h2o-core,ai.h2o,h2o-core,3.10.4.3,2017-03-31,CVE-2024-6960,HIGH
ai.h2o:h2o-core,ai.h2o,h2o-core,3.10.4.3,2017-03-31,CVE-2023-6038,CRITICAL
ai.h2o:h2o-core,ai.h2o,h2o-core,0.1.20,2015-01-20,CVE-2024-6960,HIGH
ai.h2o:h2o-core,ai.h2o,h2o-core,0.1.20,2015-01-20,CVE-2023-6038,CRITICAL
ai.h2o:h2o-core,ai.h2o,h2o-core,3.10.4.4,2017-04-15,CVE-2024-6960,HIGH
ai.h2o:h2o-core,ai.h2o,h2o-core,3.10.4.4,2017-04-15,CVE-2023-6038,CRITICAL
ai.h2o:h2o-core,ai.h2o,h2o-core,3.6.0.1,2015-10-31,CVE-2024-6960,HIGH
ai.h2o:h2o-core,ai.h2o,h2o-core,3.6.0.1,2015-10-31,CVE-2023-6038,CRITICAL
ai.h2o:h2o-core,ai.h2o,h2o-core,3.6.0.4,2015-11-13,CVE-2024-6960,HIGH
ai.h2o:h2o-core,ai.h2o,h2o-core,3.6.0.4,2015-11-13,CVE-2023-6038,CRITICAL
ai.h2o:h2o-core,ai.h2o,h2o-core,3.22.1.5,2019-03-04,CVE-2024-6960,HIGH
ai.h2o:h2o-core,ai.h2o,h2o-core,3.22.1.5,2019-03-04,CVE-2023-6038,CRITICAL
ai.h2o:h2o-core,ai.h2o,h2o-core,3.4.0.1,2015-10-09,CVE-2024-6960,HIGH
ai.h2o:h2o-core,ai.h2o,h2o-core,3.4.0.1,2015-10-09,CVE-2023-6038,CRITICAL
ai.h2o:h2o-core,ai.h2o,h2o-core,3.16.0.6,2018-02-28,CVE-2024-6960,HIGH
ai.h2o:h2o-core,ai.h2o,h2o-core,3.16.0.6,2018-02-28,CVE-2023-6038,CRITICAL
ai.h2o:h2o-core,ai.h2o,h2o-core,3.16.0.5,2018-02-27,CVE-2024-6960,HIGH
ai.h2o:h2o-core,ai.h2o,h2o-core,3.16.0.5,2018-02-27,CVE-2023-6038,CRITICAL
ai.h2o:h2o-core,ai.h2o,h2o-core,3.6.0.7,2015-11-23,CVE-2024-6960,HIGH
ai.h2o:h2o-core,ai.h2o,h2o-core,3.6.0.7,2015-11-23,CVE-2023-6038,CRITICAL
ai.h2o:h2o-core,ai.h2o,h2o-core,3.26.0.8,2019-10-17,CVE-2024-6960,HIGH
ai.h2o:h2o-core,ai.h2o,h2o-core,3.26.0.8,2019-10-17,CVE-2023-6038,CRITICAL
ai.h2o:h2o-core,ai.h2o,h2o-core,3.16.0.8,2018-03-28,CVE-2024-6960,HIGH
ai.h2o:h2o-core,ai.h2o,h2o-core,3.16.0.8,2018-03-28,CVE-2023-6038,CRITICAL
ai.h2o:h2o-core,ai.h2o,h2o-core,3.6.0.3,2015-11-06,CVE-2024-6960,HIGH
ai.h2o:h2o-core,ai.h2o,h2o-core,3.6.0.3,2015-11-06,CVE-2023-6038,CRITICAL
ai.h2o:h2o-core,ai.h2o,h2o-core,3.28.1.1,2020-03-05,CVE-2024-6960,HIGH
ai.h2o:h2o-core,ai.h2o,h2o-core,3.28.1.1,2020-03-05,CVE-2023-6038,CRITICAL
ai.h2o:h2o-core,ai.h2o,h2o-core,3.16.0.9,2018-04-04,CVE-2024-6960,HIGH
ai.h2o:h2o-core,ai.h2o,h2o-core,3.16.0.9,2018-04-04,CVE-2023-6038,CRITICAL
ai.h2o:h2o-core,ai.h2o,h2o-core,3.6.0.5,2015-11-18,CVE-2024-6960,HIGH
ai.h2o:h2o-core,ai.h2o,h2o-core,3.6.0.5,2015-11-18,CVE-2023-6038,CRITICAL
ai.h2o:h2o-core,ai.h2o,h2o-core,3.16.0.7,2018-03-07,CVE-2024-6960,HIGH
ai.h2o:h2o-core,ai.h2o,h2o-core,3.16.0.7,2018-03-07,CVE-2023-6038,CRITICAL
ai.h2o:h2o-core,ai.h2o,h2o-core,3.6.0.8,2015-12-18,CVE-2024-6960,HIGH
ai.h2o:h2o-core,ai.h2o,h2o-core,3.6.0.8,2015-12-18,CVE-2023-6038,CRITICAL
ai.h2o:h2o-core,ai.h2o,h2o-core,3.26.0.6,2019-10-01,CVE-2024-6960,HIGH
ai.h2o:h2o-core,ai.h2o,h2o-core,3.26.0.6,2019-10-01,CVE-2023-6038,CRITICAL
ai.h2o:h2o-core,ai.h2o,h2o-core,3.0.0.18,2015-06-10,CVE-2024-6960,HIGH
ai.h2o:h2o-core,ai.h2o,h2o-core,3.0.0.18,2015-06-10,CVE-2023-6038,CRITICAL
ai.h2o:h2o-core,ai.h2o,h2o-core,3.26.0.9,2019-10-29,CVE-2024-6960,HIGH
ai.h2o:h2o-core,ai.h2o,h2o-core,3.26.0.9,2019-10-29,CVE-2023-6038,CRITICAL
ai.h2o:h2o-core,ai.h2o,h2o-core,3.10.3.6,2017-02-21,CVE-2024-6960,HIGH
ai.h2o:h2o-core,ai.h2o,h2o-core,3.10.3.6,2017-02-21,CVE-2023-6038,CRITICAL
ai.h2o:h2o-core,ai.h2o,h2o-core,3.28.1.3,2020-04-02,CVE-2024-6960,HIGH
ai.h2o:h2o-core,ai.h2o,h2o-core,3.28.1.3,2020-04-02,CVE-2023-6038,CRITICAL
ai.h2o:h2o-core,ai.h2o,h2o-core,3.22.1.6,2019-03-13,CVE-2024-6960,HIGH
ai.h2o:h2o-core,ai.h2o,h2o-core,3.22.1.6,2019-03-13,CVE-2023-6038,CRITICAL
ai.h2o:h2o-core,ai.h2o,h2o-core,3.0.0.16,2015-06-02,CVE-2024-6960,HIGH
ai.h2o:h2o-core,ai.h2o,h2o-core,3.0.0.16,2015-06-02,CVE-2023-6038,CRITICAL
ai.h2o:h2o-core,ai.h2o,h2o-core,3.44.0.3,2023-12-20,CVE-2024-6960,HIGH
ai.h2o:h2o-core,ai.h2o,h2o-core,3.6.0.2,2015-11-06,CVE-2024-6960,HIGH
ai.h2o:h2o-core,ai.h2o,h2o-core,3.6.0.2,2015-11-06,CVE-2023-6038,CRITICAL
ai.h2o:h2o-core,ai.h2o,h2o-core,3.20.0.3,2018-07-10,CVE-2024-6960,HIGH
ai.h2o:h2o-core,ai.h2o,h2o-core,3.20.0.3,2018-07-10,CVE-2023-6038,CRITICAL
ai.h2o:h2o-core,ai.h2o,h2o-core,3.30.1.1,2020-08-10,CVE-2024-6960,HIGH
ai.h2o:h2o-core,ai.h2o,h2o-core,3.30.1.1,2020-08-10,CVE-2023-6038,CRITICAL
ai.h2o:h2o-core,ai.h2o,h2o-core,0.2.3.5,2015-05-03,CVE-2024-6960,HIGH
ai.h2o:h2o-core,ai.h2o,h2o-core,0.2.3.5,2015-05-03,CVE-2023-6038,CRITICAL
ai.h2o:h2o-core,ai.h2o,h2o-core,3.30.1.2,2020-09-03,CVE-2024-6960,HIGH
ai.h2o:h2o-core,ai.h2o,h2o-core,3.30.1.2,2020-09-03,CVE-2023-6038,CRITICAL
ai.h2o:h2o-core,ai.h2o,h2o-core,3.10.3.4,2017-02-03,CVE-2024-6960,HIGH
ai.h2o:h2o-core,ai.h2o,h2o-core,3.10.3.4,2017-02-03,CVE-2023-6038,CRITICAL
ai.h2o:h2o-core,ai.h2o,h2o-core,3.20.0.1,2018-06-06,CVE-2024-6960,HIGH
ai.h2o:h2o-core,ai.h2o,h2o-core,3.20.0.1,2018-06-06,CVE-2023-6038,CRITICAL
ai.h2o:h2o-core,ai.h2o,h2o-core,3.30.1.3,2020-09-28,CVE-2024-6960,HIGH
ai.h2o:h2o-core,ai.h2o,h2o-core,3.30.1.3,2020-09-28,CVE-2023-6038,CRITICAL
ai.h2o:h2o-core,ai.h2o,h2o-core,3.10.3.2,2017-01-31,CVE-2024-6960,HIGH
ai.h2o:h2o-core,ai.h2o,h2o-core,3.10.3.2,2017-01-31,CVE-2023-6038,CRITICAL
ai.h2o:h2o-core,ai.h2o,h2o-core,3.10.3.5,2017-02-18,CVE-2024-6960,HIGH
ai.h2o:h2o-core,ai.h2o,h2o-core,3.10.3.5,2017-02-18,CVE-2023-6038,CRITICAL
ai.h2o:h2o-core,ai.h2o,h2o-core,3.44.0.1,2023-10-16,CVE-2024-6960,HIGH
ai.h2o:h2o-core,ai.h2o,h2o-core,3.44.0.2,2023-11-08,CVE-2024-6960,HIGH
ai.h2o:h2o-core,ai.h2o,h2o-core,3.18.0.8,2018-04-19,CVE-2024-6960,HIGH
ai.h2o:h2o-core,ai.h2o,h2o-core,3.18.0.8,2018-04-19,CVE-2023-6038,CRITICAL
ai.h2o:h2o-core,ai.h2o,h2o-core,3.18.0.4,2018-03-08,CVE-2024-6960,HIGH
ai.h2o:h2o-core,ai.h2o,h2o-core,3.18.0.4,2018-03-08,CVE-2023-6038,CRITICAL
ai.h2o:h2o-core,ai.h2o,h2o-core,3.18.0.7,2018-04-14,CVE-2024-6960,HIGH
ai.h2o:h2o-core,ai.h2o,h2o-core,3.18.0.7,2018-04-14,CVE-2023-6038,CRITICAL
ai.h2o:h2o-core,ai.h2o,h2o-core,3.18.0.9,2018-05-11,CVE-2024-6960,HIGH
ai.h2o:h2o-core,ai.h2o,h2o-core,3.18.0.9,2018-05-11,CVE-2023-6038,CRITICAL
ai.h2o:h2o-core,ai.h2o,h2o-core,3.10.0.3,2016-08-01,CVE-2024-6960,HIGH
ai.h2o:h2o-core,ai.h2o,h2o-core,3.10.0.3,2016-08-01,CVE-2023-6038,CRITICAL
ai.h2o:h2o-core,ai.h2o,h2o-core,3.10.0.6,2016-08-26,CVE-2024-6960,HIGH
ai.h2o:h2o-core,ai.h2o,h2o-core,3.10.0.6,2016-08-26,CVE-2023-6038,CRITICAL
ai.h2o:h2o-core,ai.h2o,h2o-core,3.34.0.7,2021-12-21,CVE-2024-6960,HIGH
ai.h2o:h2o-core,ai.h2o,h2o-core,3.34.0.7,2021-12-21,CVE-2023-6038,CRITICAL
ai.h2o:h2o-core,ai.h2o,h2o-core,3.34.0.8,2022-01-13,CVE-2024-6960,HIGH
ai.h2o:h2o-core,ai.h2o,h2o-core,3.34.0.8,2022-01-13,CVE-2023-6038,CRITICAL
ai.h2o:h2o-core,ai.h2o,h2o-core,3.32.0.2,2020-11-17,CVE-2024-6960,HIGH
ai.h2o:h2o-core,ai.h2o,h2o-core,3.32.0.2,2020-11-17,CVE-2023-6038,CRITICAL
ai.h2o:h2o-core,ai.h2o,h2o-core,3.10.0.5,2016-08-25,CVE-2024-6960,HIGH
ai.h2o:h2o-core,ai.h2o,h2o-core,3.10.0.5,2016-08-25,CVE-2023-6038,CRITICAL
ai.h2o:h2o-core,ai.h2o,h2o-core,3.24.0.4,2019-05-28,CVE-2024-6960,HIGH
ai.h2o:h2o-core,ai.h2o,h2o-core,3.24.0.4,2019-05-28,CVE-2023-6038,CRITICAL
ai.h2o:h2o-core,ai.h2o,h2o-core,3.24.0.3,2019-05-06,CVE-2024-6960,HIGH
ai.h2o:h2o-core,ai.h2o,h2o-core,3.24.0.3,2019-05-06,CVE-2023-6038,CRITICAL
ai.h2o:h2o-core,ai.h2o,h2o-core,3.24.0.5,2019-06-18,CVE-2024-6960,HIGH
ai.h2o:h2o-core,ai.h2o,h2o-core,3.24.0.5,2019-06-18,CVE-2023-6038,CRITICAL
ai.h2o:h2o-core,ai.h2o,h2o-core,3.34.0.1,2021-09-14,CVE-2024-6960,HIGH
ai.h2o:h2o-core,ai.h2o,h2o-core,3.34.0.1,2021-09-14,CVE-2023-6038,CRITICAL
ai.h2o:h2o-core,ai.h2o,h2o-core,3.24.0.2,2019-04-16,CVE-2024-6960,HIGH
ai.h2o:h2o-core,ai.h2o,h2o-core,3.24.0.2,2019-04-16,CVE-2023-6038,CRITICAL
ai.h2o:h2o-core,ai.h2o,h2o-core,3.34.0.3,2021-10-07,CVE-2024-6960,HIGH
ai.h2o:h2o-core,ai.h2o,h2o-core,3.34.0.3,2021-10-07,CVE-2023-6038,CRITICAL
ai.h2o:h2o-core,ai.h2o,h2o-core,3.24.0.1,2019-03-31,CVE-2024-6960,HIGH
ai.h2o:h2o-core,ai.h2o,h2o-core,3.24.0.1,2019-03-31,CVE-2023-6038,CRITICAL
ai.h2o:h2o-core,ai.h2o,h2o-core,3.20.0.6,2018-08-24,CVE-2024-6960,HIGH
ai.h2o:h2o-core,ai.h2o,h2o-core,3.20.0.6,2018-08-24,CVE-2023-6038,CRITICAL
ai.h2o:h2o-core,ai.h2o,h2o-core,3.34.0.4,2021-11-17,CVE-2024-6960,HIGH
ai.h2o:h2o-core,ai.h2o,h2o-core,3.34.0.4,2021-11-17,CVE-2023-6038,CRITICAL
ai.h2o:h2o-core,ai.h2o,h2o-core,3.20.0.7,2018-08-31,CVE-2024-6960,HIGH
ai.h2o:h2o-core,ai.h2o,h2o-core,3.20.0.7,2018-08-31,CVE-2023-6038,CRITICAL
ai.h2o:h2o-core,ai.h2o,h2o-core,3.32.0.4,2021-02-01,CVE-2024-6960,HIGH
ai.h2o:h2o-core,ai.h2o,h2o-core,3.32.0.4,2021-02-01,CVE-2023-6038,CRITICAL
ai.h2o:h2o-core,ai.h2o,h2o-core,3.16.0.2,2017-11-30,CVE-2024-6960,HIGH
ai.h2o:h2o-core,ai.h2o,h2o-core,3.16.0.2,2017-11-30,CVE-2023-6038,CRITICAL
ai.h2o:h2o-core,ai.h2o,h2o-core,3.20.0.4,2018-07-31,CVE-2024-6960,HIGH
ai.h2o:h2o-core,ai.h2o,h2o-core,3.20.0.4,2018-07-31,CVE-2023-6038,CRITICAL
ai.h2o:h2o-core,ai.h2o,h2o-core,3.16.0.4,2018-01-15,CVE-2024-6960,HIGH
ai.h2o:h2o-core,ai.h2o,h2o-core,3.16.0.4,2018-01-15,CVE-2023-6038,CRITICAL
ai.h2o:h2o-core,ai.h2o,h2o-core,3.20.0.10,2018-10-16,CVE-2024-6960,HIGH
ai.h2o:h2o-core,ai.h2o,h2o-core,3.20.0.10,2018-10-16,CVE-2023-6038,CRITICAL
ai.h2o:h2o-core,ai.h2o,h2o-core,3.16.0.1,2017-11-24,CVE-2024-6960,HIGH
ai.h2o:h2o-core,ai.h2o,h2o-core,3.16.0.1,2017-11-24,CVE-2023-6038,CRITICAL
ai.h2o:h2o-core,ai.h2o,h2o-core,3.10.0.4,2016-08-03,CVE-2024-6960,HIGH
ai.h2o:h2o-core,ai.h2o,h2o-core,3.10.0.4,2016-08-03,CVE-2023-6038,CRITICAL
ai.h2o:h2o-core,ai.h2o,h2o-core,3.20.0.5,2018-08-08,CVE-2024-6960,HIGH
ai.h2o:h2o-core,ai.h2o,h2o-core,3.20.0.5,2018-08-08,CVE-2023-6038,CRITICAL
ai.h2o:h2o-core,ai.h2o,h2o-core,3.16.0.3,2018-01-08,CVE-2024-6960,HIGH
ai.h2o:h2o-core,ai.h2o,h2o-core,3.16.0.3,2018-01-08,CVE-2023-6038,CRITICAL
ai.h2o:h2o-core,ai.h2o,h2o-core,3.20.0.2,2018-06-15,CVE-2024-6960,HIGH
ai.h2o:h2o-core,ai.h2o,h2o-core,3.20.0.2,2018-06-15,CVE-2023-6038,CRITICAL
ai.h2o:h2o-core,ai.h2o,h2o-core,3.0.0.22,2015-06-13,CVE-2024-6960,HIGH
ai.h2o:h2o-core,ai.h2o,h2o-core,3.0.0.22,2015-06-13,CVE-2023-6038,CRITICAL
ai.h2o:h2o-core,ai.h2o,h2o-core,3.32.0.5,2021-03-16,CVE-2024-6960,HIGH
ai.h2o:h2o-core,ai.h2o,h2o-core,3.32.0.5,2021-03-16,CVE-2023-6038,CRITICAL
ai.h2o:h2o-core,ai.h2o,h2o-core,3.46.0.1,2024-03-13,CVE-2024-6960,HIGH
ai.h2o:h2o-core,ai.h2o,h2o-core,3.0.0.8,2015-05-19,CVE-2024-6960,HIGH
ai.h2o:h2o-core,ai.h2o,h2o-core,3.0.0.8,2015-05-19,CVE-2023-6038,CRITICAL
ai.h2o:h2o-core,ai.h2o,h2o-core,3.32.0.1,2020-10-08,CVE-2024-6960,HIGH
ai.h2o:h2o-core,ai.h2o,h2o-core,3.32.0.1,2020-10-08,CVE-2023-6038,CRITICAL
ai.h2o:h2o-core,ai.h2o,h2o-core,3.0.0.5,2015-05-17,CVE-2024-6960,HIGH
ai.h2o:h2o-core,ai.h2o,h2o-core,3.0.0.5,2015-05-17,CVE-2023-6038,CRITICAL
ai.h2o:h2o-core,ai.h2o,h2o-core,3.28.1.2,2020-03-17,CVE-2024-6960,HIGH
ai.h2o:h2o-core,ai.h2o,h2o-core,3.28.1.2,2020-03-17,CVE-2023-6038,CRITICAL
ai.h2o:h2o-core,ai.h2o,h2o-core,3.8.2.2,2016-04-08,CVE-2024-6960,HIGH
ai.h2o:h2o-core,ai.h2o,h2o-core,3.8.2.2,2016-04-08,CVE-2023-6038,CRITICAL
ai.h2o:h2o-core,ai.h2o,h2o-core,3.34.0.5,2021-12-13,CVE-2024-6960,HIGH
ai.h2o:h2o-core,ai.h2o,h2o-core,3.34.0.5,2021-12-13,CVE-2023-6038,CRITICAL
ai.h2o:h2o-core,ai.h2o,h2o-core,3.34.0.6,2021-12-15,CVE-2024-6960,HIGH
ai.h2o:h2o-core,ai.h2o,h2o-core,3.34.0.6,2021-12-15,CVE-2023-6038,CRITICAL
ai.h2o:h2o-core,ai.h2o,h2o-core,3.22.0.1,2018-10-26,CVE-2024-6960,HIGH
ai.h2o:h2o-core,ai.h2o,h2o-core,3.22.0.1,2018-10-26,CVE-2023-6038,CRITICAL
ai.h2o:h2o-core,ai.h2o,h2o-core,3.20.0.8,2018-09-21,CVE-2024-6960,HIGH
ai.h2o:h2o-core,ai.h2o,h2o-core,3.20.0.8,2018-09-21,CVE-2023-6038,CRITICAL
ai.h2o:h2o-core,ai.h2o,h2o-core,3.20.0.9,2018-10-01,CVE-2024-6960,HIGH
ai.h2o:h2o-core,ai.h2o,h2o-core,3.20.0.9,2018-10-01,CVE-2023-6038,CRITICAL
ai.h2o:h2o-core,ai.h2o,h2o-core,3.0.0.19,2015-06-11,CVE-2024-6960,HIGH
ai.h2o:h2o-core,ai.h2o,h2o-core,3.0.0.19,2015-06-11,CVE-2023-6038,CRITICAL
ai.h2o:h2o-core,ai.h2o,h2o-core,3.32.0.3,2020-12-24,CVE-2024-6960,HIGH
ai.h2o:h2o-core,ai.h2o,h2o-core,3.32.0.3,2020-12-24,CVE-2023-6038,CRITICAL
ai.h2o:h2o-core,ai.h2o,h2o-core,3.8.2.5,2016-05-19,CVE-2024-6960,HIGH
ai.h2o:h2o-core,ai.h2o,h2o-core,3.8.2.5,2016-05-19,CVE-2023-6038,CRITICAL
ai.djl:api,ai.djl,api,0.4.0,2020-03-27,CGA-mcv5-fjr6-wxgg,CRITICAL
ai.djl:api,ai.djl,api,0.17.0,2022-05-10,CGA-mcv5-fjr6-wxgg,CRITICAL
ai.djl:api,ai.djl,api,0.4.1,2020-04-03,CGA-mcv5-fjr6-wxgg,CRITICAL
ai.djl:api,ai.djl,api,0.2.1,2020-01-15,CGA-mcv5-fjr6-wxgg,CRITICAL
ai.djl:api,ai.djl,api,0.3.0,2020-02-21,CGA-mcv5-fjr6-wxgg,CRITICAL
ai.djl:api,ai.djl,api,0.22.1,2023-04-17,CGA-mcv5-fjr6-wxgg,CRITICAL
ai.djl:api,ai.djl,api,0.11.0,2021-05-01,CGA-mcv5-fjr6-wxgg,CRITICAL
ai.djl:api,ai.djl,api,0.23.0,2023-07-11,CGA-mcv5-fjr6-wxgg,CRITICAL
ai.djl:api,ai.djl,api,0.16.0,2022-03-20,CGA-mcv5-fjr6-wxgg,CRITICAL
ai.djl:api,ai.djl,api,0.7.0,2020-09-03,CGA-mcv5-fjr6-wxgg,CRITICAL
ai.djl:api,ai.djl,api,0.2.0,2019-11-27,CGA-mcv5-fjr6-wxgg,CRITICAL
ai.djl:api,ai.djl,api,0.15.0,2022-01-18,CGA-mcv5-fjr6-wxgg,CRITICAL
ai.djl:api,ai.djl,api,0.19.0,2022-09-13,CGA-mcv5-fjr6-wxgg,CRITICAL
ai.djl:api,ai.djl,api,0.9.0,2020-12-17,CGA-mcv5-fjr6-wxgg,CRITICAL
ai.djl:api,ai.djl,api,0.8.0,2020-09-21,CGA-mcv5-fjr6-wxgg,CRITICAL
ai.djl:api,ai.djl,api,0.20.0,2022-11-29,CGA-mcv5-fjr6-wxgg,CRITICAL
ai.djl:api,ai.djl,api,0.25.0,2023-11-04,CGA-mcv5-fjr6-wxgg,CRITICAL
ai.djl:api,ai.djl,api,0.12.0,2021-07-07,CGA-mcv5-fjr6-wxgg,CRITICAL
ai.djl:api,ai.djl,api,0.21.0,2023-02-16,CGA-mcv5-fjr6-wxgg,CRITICAL
ai.djl:api,ai.djl,api,0.5.0,2020-05-12,CGA-mcv5-fjr6-wxgg,CRITICAL
ai.djl:api,ai.djl,api,0.27.0,2024-03-28,CGA-mcv5-fjr6-wxgg,CRITICAL
ai.djl:api,ai.djl,api,0.18.0,2022-07-08,CGA-mcv5-fjr6-wxgg,CRITICAL
ai.djl:api,ai.djl,api,0.13.0,2021-10-11,CGA-mcv5-fjr6-wxgg,CRITICAL
ai.djl:api,ai.djl,api,0.24.0,2023-10-02,CGA-mcv5-fjr6-wxgg,CRITICAL
ai.djl:api,ai.djl,api,0.14.0,2021-11-09,CGA-mcv5-fjr6-wxgg,CRITICAL
ai.djl:api,ai.djl,api,0.22.0,2023-04-12,CGA-mcv5-fjr6-wxgg,CRITICAL
ai.djl:api,ai.djl,api,0.26.0,2024-01-09,CGA-mcv5-fjr6-wxgg,CRITICAL
ai.djl:api,ai.djl,api,0.10.0,2021-02-23,CGA-mcv5-fjr6-wxgg,CRITICAL
ai.djl:api,ai.djl,api,0.6.0,2020-06-24,CGA-mcv5-fjr6-wxgg,CRITICAL
be.cylab:snakeyaml,be.cylab,snakeyaml,1.25.1,2019-08-27,CVE-2022-38749,MODERATE
axis:axis,axis,axis,1.1,2005-11-22,CVE-2012-5784,MODERATE
axis:axis,axis,axis,1.1,2005-11-22,CVE-2014-3596,MODERATE
axis:axis,axis,axis,1.1,2005-11-22,CVE-2018-8032,MODERATE
axis:axis,axis,axis,1.1,2005-11-22,CVE-2023-40743,CRITICAL
axis:axis,axis,axis,1.1,2005-11-22,CVE-2019-0227,HIGH
axis:axis,axis,axis,1.1,2005-11-22,CVE-2023-51441,HIGH
axis:axis,axis,axis,1.3,2005-11-22,CVE-2012-5784,MODERATE
axis:axis,axis,axis,1.3,2005-11-22,CVE-2014-3596,MODERATE
axis:axis,axis,axis,1.3,2005-11-22,CVE-2018-8032,MODERATE
axis:axis,axis,axis,1.3,2005-11-22,CVE-2023-40743,CRITICAL
axis:axis,axis,axis,1.3,2005-11-22,CVE-2019-0227,HIGH
axis:axis,axis,axis,1.3,2005-11-22,CVE-2023-51441,HIGH
axis:axis,axis,axis,1.0,2005-11-22,CVE-2012-5784,MODERATE
axis:axis,axis,axis,1.0,2005-11-22,CVE-2014-3596,MODERATE
axis:axis,axis,axis,1.0,2005-11-22,CVE-2018-8032,MODERATE
axis:axis,axis,axis,1.0,2005-11-22,CVE-2023-40743,CRITICAL
axis:axis,axis,axis,1.0,2005-11-22,CVE-2019-0227,HIGH
axis:axis,axis,axis,1.0,2005-11-22,CVE-2023-51441,HIGH
axis:axis,axis,axis,1.4,2006-04-22,CVE-2012-5784,MODERATE
axis:axis,axis,axis,1.4,2006-04-22,CVE-2014-3596,MODERATE
axis:axis,axis,axis,1.4,2006-04-22,CVE-2018-8032,MODERATE
axis:axis,axis,axis,1.4,2006-04-22,CVE-2023-40743,CRITICAL
axis:axis,axis,axis,1.4,2006-04-22,CVE-2019-0227,HIGH
axis:axis,axis,axis,1.2-alpha-1,2005-08-01,CVE-2012-5784,MODERATE
axis:axis,axis,axis,1.2-alpha-1,2005-08-01,CVE-2014-3596,MODERATE
axis:axis,axis,axis,1.2-alpha-1,2005-08-01,CVE-2018-8032,MODERATE
axis:axis,axis,axis,1.2-alpha-1,2005-08-01,CVE-2023-40743,CRITICAL
axis:axis,axis,axis,1.2-alpha-1,2005-08-01,CVE-2019-0227,HIGH
axis:axis,axis,axis,1.2-alpha-1,2005-08-01,CVE-2023-51441,HIGH
axis:axis,axis,axis,1.2,2005-11-22,CVE-2012-5784,MODERATE
axis:axis,axis,axis,1.2,2005-11-22,CVE-2014-3596,MODERATE
axis:axis,axis,axis,1.2,2005-11-22,CVE-2018-8032,MODERATE
axis:axis,axis,axis,1.2,2005-11-22,CVE-2023-40743,CRITICAL
axis:axis,axis,axis,1.2,2005-11-22,CVE-2019-0227,HIGH
axis:axis,axis,axis,1.2,2005-11-22,CVE-2023-51441,HIGH
axis:axis,axis,axis,1.2-RC1,2005-11-22,CVE-2012-5784,MODERATE
axis:axis,axis,axis,1.2-RC1,2005-11-22,CVE-2014-3596,MODERATE
axis:axis,axis,axis,1.2-RC1,2005-11-22,CVE-2018-8032,MODERATE
axis:axis,axis,axis,1.2-RC1,2005-11-22,CVE-2023-40743,CRITICAL
axis:axis,axis,axis,1.2-RC1,2005-11-22,CVE-2019-0227,HIGH
axis:axis,axis,axis,1.2-RC1,2005-11-22,CVE-2023-51441,HIGH
axis:axis,axis,axis,1.2.1,2005-11-22,CVE-2012-5784,MODERATE
axis:axis,axis,axis,1.2.1,2005-11-22,CVE-2014-3596,MODERATE
axis:axis,axis,axis,1.2.1,2005-11-22,CVE-2018-8032,MODERATE
axis:axis,axis,axis,1.2.1,2005-11-22,CVE-2023-40743,CRITICAL
axis:axis,axis,axis,1.2.1,2005-11-22,CVE-2019-0227,HIGH
axis:axis,axis,axis,1.2.1,2005-11-22,CVE-2023-51441,HIGH
axis:axis,axis,axis,1.2-RC3,2005-11-22,CVE-2012-5784,MODERATE
axis:axis,axis,axis,1.2-RC3,2005-11-22,CVE-2014-3596,MODERATE
axis:axis,axis,axis,1.2-RC3,2005-11-22,CVE-2018-8032,MODERATE
axis:axis,axis,axis,1.2-RC3,2005-11-22,CVE-2023-40743,CRITICAL
axis:axis,axis,axis,1.2-RC3,2005-11-22,CVE-2019-0227,HIGH
axis:axis,axis,axis,1.2-RC3,2005-11-22,CVE-2023-51441,HIGH
axis:axis,axis,axis,1.2-RC2,2005-11-22,CVE-2012-5784,MODERATE
axis:axis,axis,axis,1.2-RC2,2005-11-22,CVE-2014-3596,MODERATE
axis:axis,axis,axis,1.2-RC2,2005-11-22,CVE-2018-8032,MODERATE
axis:axis,axis,axis,1.2-RC2,2005-11-22,CVE-2023-40743,CRITICAL
axis:axis,axis,axis,1.2-RC2,2005-11-22,CVE-2019-0227,HIGH
axis:axis,axis,axis,1.2-RC2,2005-11-22,CVE-2023-51441,HIGH
axis:axis,axis,axis,1.1-beta,2005-08-01,CVE-2012-5784,MODERATE
axis:axis,axis,axis,1.1-beta,2005-08-01,CVE-2014-3596,MODERATE
axis:axis,axis,axis,1.1-beta,2005-08-01,CVE-2018-8032,MODERATE
axis:axis,axis,axis,1.1-beta,2005-08-01,CVE-2023-40743,CRITICAL
axis:axis,axis,axis,1.1-beta,2005-08-01,CVE-2019-0227,HIGH
axis:axis,axis,axis,1.1-beta,2005-08-01,CVE-2023-51441,HIGH
axis:axis,axis,axis,1.2-beta-2,2005-11-22,CVE-2012-5784,MODERATE
axis:axis,axis,axis,1.2-beta-2,2005-11-22,CVE-2014-3596,MODERATE
axis:axis,axis,axis,1.2-beta-2,2005-11-22,CVE-2018-8032,MODERATE
axis:axis,axis,axis,1.2-beta-2,2005-11-22,CVE-2023-40743,CRITICAL
axis:axis,axis,axis,1.2-beta-2,2005-11-22,CVE-2019-0227,HIGH
axis:axis,axis,axis,1.2-beta-2,2005-11-22,CVE-2023-51441,HIGH
axis:axis,axis,axis,1.2-beta-3,2005-11-22,CVE-2012-5784,MODERATE
axis:axis,axis,axis,1.2-beta-3,2005-11-22,CVE-2014-3596,MODERATE
axis:axis,axis,axis,1.2-beta-3,2005-11-22,CVE-2018-8032,MODERATE
axis:axis,axis,axis,1.2-beta-3,2005-11-22,CVE-2023-40743,CRITICAL
axis:axis,axis,axis,1.2-beta-3,2005-11-22,CVE-2019-0227,HIGH
axis:axis,axis,axis,1.2-beta-3,2005-11-22,CVE-2023-51441,HIGH
