target_dependency,parent_artifact-group,parent_version,target_dependent_version,target_dependent_release_timestamp,target_dependent_release_date
io.opns.otl:otl-integ,io.projectreactor.netty:reactor-netty,0.9.6.RELEASE,0.2.16-alpha,1586461982000,2020-04-09
com.codeabbot.springframework.data.aerospike:spring-data-reactive-aerospike,io.projectreactor.netty:reactor-netty,0.8.5.RELEASE,0.0.6,1552059701000,2019-03-08
com.codeabbot.springframework.data.aerospike:spring-data-reactive-aerospike,io.projectreactor.netty:reactor-netty,0.8.5.RELEASE,0.0.7,1552160466000,2019-03-09
com.github.ljtfreitas:java-restify-spring-reactive,io.projectreactor.netty:reactor-netty,${reactor.netty.version},2.1.0,1559529229000,2019-06-02
org.apache.camel:camel-stitch,io.projectreactor.netty:reactor-netty,1.1.20,4.7.0,1720523098000,2024-07-09
org.apache.camel:camel-stitch,io.projectreactor.netty:reactor-netty,1.1.22,4.8.0,1725979360000,2024-09-10
org.apache.camel:camel-stitch,io.projectreactor.netty:reactor-netty,1.1.11,3.21.5,1718306937000,2024-06-13
org.apache.camel:camel-stitch,io.projectreactor.netty:reactor-netty,1.1.22,4.8.1,1729421687000,2024-10-20
org.apache.camel:camel-stitch,io.projectreactor.netty:reactor-netty,1.1.11,3.22.2,1714419904000,2024-04-29
org.apache.camel:camel-stitch,io.projectreactor.netty:reactor-netty,1.1.18,4.6.0,1714938788000,2024-05-05
org.apache.camel:camel-stitch,io.projectreactor.netty:reactor-netty,1.1.17,4.5.0,1711205788000,2024-03-23
org.apache.camel:camel-stitch,io.projectreactor.netty:reactor-netty,1.1.19,4.0.6,1722955216000,2024-08-06
org.apache.camel:camel-stitch,io.projectreactor.netty:reactor-netty,1.1.20,4.4.4,1729076891000,2024-10-16
org.apache.camel:camel-stitch,io.projectreactor.netty:reactor-netty,1.1.18,4.4.2,1713696775000,2024-04-21
org.apache.camel:camel-stitch,io.projectreactor.netty:reactor-netty,1.1.18,4.0.5,1713784507000,2024-04-22
org.apache.camel:camel-stitch,io.projectreactor.netty:reactor-netty,1.1.20,4.4.3,1719132076000,2024-06-23
org.apache.camel:camel-stitch,io.projectreactor.netty:reactor-netty,1.1.16,4.4.1,1710012476000,2024-03-09
org.apache.camel:camel-stitch,io.projectreactor.netty:reactor-netty,1.1.15,4.4.0,1707742074000,2024-02-12
org.apache.camel:camel-stitch,io.projectreactor.netty:reactor-netty,1.1.14,4.0.4,1706375227000,2024-01-27
org.apache.camel:camel-stitch,io.projectreactor.netty:reactor-netty,1.1.11,3.22.1,1706212191000,2024-01-25
org.apache.camel:camel-stitch,io.projectreactor.netty:reactor-netty,1.1.11,3.21.4,1706115843000,2024-01-24
org.apache.camel:camel-stitch,io.projectreactor.netty:reactor-netty,1.1.11,3.22.0,1703000953000,2023-12-19
org.apache.camel:camel-stitch,io.projectreactor.netty:reactor-netty,1.1.11,3.21.3,1702135029000,2023-12-09
org.apache.camel:camel-stitch,io.projectreactor.netty:reactor-netty,1.1.13,4.3.0,1702320407000,2023-12-11
ru.sokomishalov.skraper:skrapers,io.projectreactor.netty:reactor-netty,${reactor-netty.version},0.10.0,1661523503000,2022-08-26
ru.sokomishalov.skraper:skrapers,io.projectreactor.netty:reactor-netty,${reactor-netty.version},0.12.0,1689534118000,2023-07-16
ru.sokomishalov.skraper:skrapers,io.projectreactor.netty:reactor-netty,${reactor-netty.version},0.8.4,1645173346000,2022-02-18
ru.sokomishalov.skraper:skrapers,io.projectreactor.netty:reactor-netty,${reactor-netty.version},0.9.0,1650022440000,2022-04-15
ru.sokomishalov.skraper:skrapers,io.projectreactor.netty:reactor-netty,${reactor-netty.version},0.9.1,1653574698000,2022-05-26
ru.sokomishalov.skraper:skrapers,io.projectreactor.netty:reactor-netty,${reactor-netty.version},0.8.3,1644232215000,2022-02-07
ru.sokomishalov.skraper:skrapers,io.projectreactor.netty:reactor-netty,${reactor-netty.version},0.8.2,1640100647000,2021-12-21
ru.sokomishalov.skraper:skrapers,io.projectreactor.netty:reactor-netty,${reactor-netty.version},0.11.1,1678018696000,2023-03-05
ru.sokomishalov.skraper:skrapers,io.projectreactor.netty:reactor-netty,${reactor-netty.version},0.12.1,1692629291000,2023-08-21
ru.sokomishalov.skraper:skrapers,io.projectreactor.netty:reactor-netty,${reactor-netty.version},0.13.0,1702655056553,2023-12-15
ru.sokomishalov.skraper:skrapers,io.projectreactor.netty:reactor-netty,${reactor-netty.version},0.11.0,1662542151000,2022-09-07
ru.sokomishalov.skraper:skrapers,io.projectreactor.netty:reactor-netty,${reactor-netty.version},0.9.2,1655058532000,2022-06-12
ru.sokomishalov.skraper:skrapers,io.projectreactor.netty:reactor-netty,${reactor-netty.version},0.8.1,1637758681000,2021-11-24
ru.sokomishalov.skraper:skrapers,io.projectreactor.netty:reactor-netty,${reactor-netty.version},0.7.0,1614619792000,2021-03-01
ru.sokomishalov.skraper:skrapers,io.projectreactor.netty:reactor-netty,${reactor-netty.version},0.8.0,1627070572000,2021-07-23
org.apache.servicemix.bundles:org.apache.servicemix.bundles.azure-cosmos,io.projectreactor.netty:reactor-netty,1.0.6,4.15.0_1,1627104261000,2021-07-23
io.xiaper:xiaper-spring-boot-router-rabbitmq,io.projectreactor.netty:reactor-netty,0.8.4.RELEASE,2.1.6.RELEASE,1558002812000,2019-05-16
io.xiaper:xiaper-spring-boot-router-rabbitmq,io.projectreactor.netty:reactor-netty,0.8.4.RELEASE,2.1.5.RELEASE,1555330414000,2019-04-15
io.xiaper:xiaper-spring-boot-router-rabbitmq,io.projectreactor.netty:reactor-netty,0.8.4.RELEASE,2.1.4.RELEASE,1551962328000,2019-03-07
com.vlkan:reactor-pubsub,io.projectreactor.netty:reactor-netty,${reactor-netty.version},0.1.2,1573818306000,2019-11-15
com.vlkan:reactor-pubsub,io.projectreactor.netty:reactor-netty,${reactor-netty.version},0.1.0,1570020049000,2019-10-02
com.vlkan:reactor-pubsub,io.projectreactor.netty:reactor-netty,${reactor-netty.version},0.2.0,1579166495000,2020-01-16
com.vlkan:reactor-pubsub,io.projectreactor.netty:reactor-netty,${reactor-netty.version},0.1.1,1573551127000,2019-11-12
com.vlkan:reactor-pubsub,io.projectreactor.netty:reactor-netty,${reactor-netty.version},0.2.1,1583842010000,2020-03-10
com.vlkan:reactor-pubsub,io.projectreactor.netty:reactor-netty,${reactor-netty.version},0.2.2,1613573299000,2021-02-17
one.leftshift.gaia-sdk:gaia-sdk-mqtt,io.projectreactor.netty:reactor-netty,1.0.19,4.2.0,1655905163000,2022-06-22
one.leftshift.gaia-sdk:gaia-sdk-mqtt,io.projectreactor.netty:reactor-netty,1.0.0,4.1.0,1644998107000,2022-02-16
one.leftshift.gaia-sdk:gaia-sdk-mqtt,io.projectreactor.netty:reactor-netty,1.0.0,3.4.0,1620982586000,2021-05-14
one.leftshift.gaia-sdk:gaia-sdk-mqtt,io.projectreactor.netty:reactor-netty,1.0.0,4.0.0,1633522634000,2021-10-06
one.leftshift.gaia-sdk:gaia-sdk-mqtt,io.projectreactor.netty:reactor-netty,1.0.0,3.4.1,1624283207000,2021-06-21
one.leftshift.gaia-sdk:gaia-sdk-mqtt,io.projectreactor.netty:reactor-netty,1.0.0,3.3.0,1615296893000,2021-03-09
org.apache.linkis:linkis-spring-cloud-gateway,io.projectreactor.netty:reactor-netty,0.9.7.RELEASE,1.1.2,1656076071000,2022-06-24
org.apache.linkis:linkis-spring-cloud-gateway,io.projectreactor.netty:reactor-netty,0.9.7.RELEASE,1.4.0,1690591598000,2023-07-28
org.apache.linkis:linkis-spring-cloud-gateway,io.projectreactor.netty:reactor-netty,0.9.7.RELEASE,1.3.2,1680071288000,2023-03-29
org.apache.linkis:linkis-spring-cloud-gateway,io.projectreactor.netty:reactor-netty,0.9.7.RELEASE,1.6.0,1720016860000,2024-07-03
org.apache.linkis:linkis-spring-cloud-gateway,io.projectreactor.netty:reactor-netty,0.9.7.RELEASE,1.3.0,1665922922000,2022-10-16
org.apache.linkis:linkis-spring-cloud-gateway,io.projectreactor.netty:reactor-netty,0.9.7.RELEASE,1.2.0,1660979484000,2022-08-20
org.apache.linkis:linkis-spring-cloud-gateway,io.projectreactor.netty:reactor-netty,0.9.7.RELEASE,1.3.1,1673619683000,2023-01-13
org.apache.linkis:linkis-spring-cloud-gateway,io.projectreactor.netty:reactor-netty,0.9.7.RELEASE,1.0.3,1642665951000,2022-01-20
org.apache.linkis:linkis-spring-cloud-gateway,io.projectreactor.netty:reactor-netty,0.9.7.RELEASE,1.1.1,1652537225000,2022-05-14
org.apache.linkis:linkis-spring-cloud-gateway,io.projectreactor.netty:reactor-netty,0.9.7.RELEASE,1.1.3,1657978961000,2022-07-16
org.apache.linkis:linkis-spring-cloud-gateway,io.projectreactor.netty:reactor-netty,0.9.7.RELEASE,1.5.0,1703039951000,2023-12-19
org.apache.linkis:linkis-spring-cloud-gateway,io.projectreactor.netty:reactor-netty,0.9.7.RELEASE,1.1.0,1648563594000,2022-03-29
io.opentracing.contrib:opentracing-spring-web,io.projectreactor.netty:reactor-netty,${version.io.projectreactor.netty-reactor-netty},4.0.0,1601449782000,2020-09-30
io.opentracing.contrib:opentracing-spring-web,io.projectreactor.netty:reactor-netty,${version.io.projectreactor.netty-reactor-netty},2.1.1,1560253027000,2019-06-11
io.opentracing.contrib:opentracing-spring-web,io.projectreactor.netty:reactor-netty,${version.io.projectreactor.netty-reactor-netty},1.1.2,1555069115000,2019-04-12
io.opentracing.contrib:opentracing-spring-web,io.projectreactor.netty:reactor-netty,${version.io.projectreactor.netty-reactor-netty},4.1.0,1602600587000,2020-10-13
io.opentracing.contrib:opentracing-spring-web,io.projectreactor.netty:reactor-netty,${version.io.projectreactor.netty-reactor-netty},2.0.0,1556198838000,2019-04-25
io.opentracing.contrib:opentracing-spring-web,io.projectreactor.netty:reactor-netty,${version.io.projectreactor.netty-reactor-netty},3.0.1,1579679210000,2020-01-22
io.opentracing.contrib:opentracing-spring-web,io.projectreactor.netty:reactor-netty,${version.io.projectreactor.netty-reactor-netty},1.1.1,1552503263000,2019-03-13
io.opentracing.contrib:opentracing-spring-web,io.projectreactor.netty:reactor-netty,${version.io.projectreactor.netty-reactor-netty},1.1.0,1551719382000,2019-03-04
io.opentracing.contrib:opentracing-spring-web,io.projectreactor.netty:reactor-netty,${version.io.projectreactor.netty-reactor-netty},2.1.3,1565945367000,2019-08-16
io.opentracing.contrib:opentracing-spring-web,io.projectreactor.netty:reactor-netty,${version.io.projectreactor.netty-reactor-netty},3.0.0,1575105652000,2019-11-30
io.opentracing.contrib:opentracing-spring-web,io.projectreactor.netty:reactor-netty,${version.io.projectreactor.netty-reactor-netty},2.1.0,1556876543000,2019-05-03
org.springframework.cloud:spring-cloud-vault-config,io.projectreactor.netty:reactor-netty,1.1.13,4.0.2,1706289087000,2024-01-26
org.springframework.cloud:spring-cloud-vault-config,io.projectreactor.netty:reactor-netty,1.0.25,3.1.2,1677209950000,2023-02-23
org.springframework.cloud:spring-cloud-vault-config,io.projectreactor.netty:reactor-netty,1.1.19,4.1.2,1717081400000,2024-05-30
org.springframework.cloud:spring-cloud-vault-config,io.projectreactor.netty:reactor-netty,1.0.19,3.1.1,1653617154000,2022-05-26
org.springframework.cloud:spring-cloud-vault-config,io.projectreactor.netty:reactor-netty,1.0.32,3.1.4,1702950506000,2023-12-18
org.springframework.cloud:spring-cloud-vault-config,io.projectreactor.netty:reactor-netty,1.0.25,3.1.3,1682616671000,2023-04-27
org.springframework.cloud:spring-cloud-vault-config,io.projectreactor.netty:reactor-netty,1.1.13,4.1.0,1701890522000,2023-12-06
org.springframework.cloud:spring-cloud-vault-config,io.projectreactor.netty:reactor-netty,1.1.20,4.1.3,1720642963000,2024-07-10
org.springframework.cloud:spring-cloud-vault-config,io.projectreactor.netty:reactor-netty,1.1.0,4.0.0,1671211468000,2022-12-16
org.springframework.cloud:spring-cloud-vault-config,io.projectreactor.netty:reactor-netty,1.1.17,4.1.1,1711560789000,2024-03-27
org.springframework.cloud:spring-cloud-vault-config,io.projectreactor.netty:reactor-netty,1.0.13,3.0.5,1639598913000,2021-12-15
org.springframework.cloud:spring-cloud-vault-config,io.projectreactor.netty:reactor-netty,1.0.10,3.0.4,1632271357000,2021-09-21
org.springframework.cloud:spring-cloud-vault-config,io.projectreactor.netty:reactor-netty,1.0.7,3.0.3,1622193001000,2021-05-28
org.springframework.cloud:spring-cloud-vault-config,io.projectreactor.netty:reactor-netty,1.0.4,3.0.2,1616022850000,2021-03-17
org.springframework.cloud:spring-cloud-vault-config,io.projectreactor.netty:reactor-netty,1.0.13,3.1.0,1638398906000,2021-12-01
org.springframework.cloud:spring-cloud-vault-config,io.projectreactor.netty:reactor-netty,0.9.10.RELEASE,2.2.6.RELEASE,1604922751000,2020-11-09
org.springframework.cloud:spring-cloud-vault-config,io.projectreactor.netty:reactor-netty,1.0.2,3.0.0,1608630857000,2020-12-22
org.springframework.cloud:spring-cloud-vault-config,io.projectreactor.netty:reactor-netty,1.0.3,3.0.1,1611786299000,2021-01-27
org.springframework.cloud:spring-cloud-vault-config,io.projectreactor.netty:reactor-netty,1.1.5,4.0.1,1680036823000,2023-03-28
org.springframework.cloud:spring-cloud-vault-config,io.projectreactor.netty:reactor-netty,0.9.16.RELEASE,2.2.7.RELEASE,1613056615000,2021-02-11
com.jauntsdn.rsocket:rsocket-transport-netty,io.projectreactor.netty:reactor-netty,0.9.6.RELEASE,0.9.5,1588271018000,2020-04-30
com.jauntsdn.rsocket:rsocket-transport-netty,io.projectreactor.netty:reactor-netty,0.9.9.RELEASE,0.9.8,1595604625000,2020-07-24
com.jauntsdn.rsocket:rsocket-transport-netty,io.projectreactor.netty:reactor-netty,0.9.7.RELEASE,0.9.6,1590000293000,2020-05-20
com.jauntsdn.rsocket:rsocket-transport-netty,io.projectreactor.netty:reactor-netty,0.9.6.RELEASE,0.9.2,1586021831000,2020-04-04
com.jauntsdn.rsocket:rsocket-transport-netty,io.projectreactor.netty:reactor-netty,0.9.7.RELEASE,0.9.7,1591973908000,2020-06-12
com.jauntsdn.rsocket:rsocket-transport-netty,io.projectreactor.netty:reactor-netty,0.9.5.RELEASE,0.9.1,1584482847000,2020-03-17
com.jauntsdn.rsocket:rsocket-transport-netty,io.projectreactor.netty:reactor-netty,0.9.6.RELEASE,0.9.3,1586173694000,2020-04-06
com.jauntsdn.rsocket:rsocket-transport-netty,io.projectreactor.netty:reactor-netty,0.9.6.RELEASE,0.9.4,1586446289000,2020-04-09
one.leftshift.gaia-sdk:gaia-sdk-http,io.projectreactor.netty:reactor-netty,1.0.0,4.1.0,1644998094000,2022-02-16
one.leftshift.gaia-sdk:gaia-sdk-http,io.projectreactor.netty:reactor-netty,1.0.0,3.3.0,1615296881000,2021-03-09
one.leftshift.gaia-sdk:gaia-sdk-http,io.projectreactor.netty:reactor-netty,1.0.19,4.2.0,1655905149000,2022-06-22
one.leftshift.gaia-sdk:gaia-sdk-http,io.projectreactor.netty:reactor-netty,1.0.0,3.4.0,1620982574000,2021-05-14
one.leftshift.gaia-sdk:gaia-sdk-http,io.projectreactor.netty:reactor-netty,1.0.0,3.4.1,1624283194000,2021-06-21
one.leftshift.gaia-sdk:gaia-sdk-http,io.projectreactor.netty:reactor-netty,1.0.0,4.0.0,1633522619000,2021-10-06
app.cybrid:cybrid-api-organization-java,io.projectreactor.netty:reactor-netty,${reactor-netty-version},v0.123.7,1732029172000,2024-11-19
app.cybrid:cybrid-api-organization-java,io.projectreactor.netty:reactor-netty,${reactor-netty-version},v0.123.2,1731946385000,2024-11-18
app.cybrid:cybrid-api-organization-java,io.projectreactor.netty:reactor-netty,${reactor-netty-version},v0.123.3,1731948405000,2024-11-18
app.cybrid:cybrid-api-organization-java,io.projectreactor.netty:reactor-netty,${reactor-netty-version},v0.123.4,1731956000000,2024-11-18
app.cybrid:cybrid-api-organization-java,io.projectreactor.netty:reactor-netty,${reactor-netty-version},v0.122.72,1731787946000,2024-11-16
app.cybrid:cybrid-api-organization-java,io.projectreactor.netty:reactor-netty,${reactor-netty-version},v0.122.68,1731607033000,2024-11-14
app.cybrid:cybrid-api-organization-java,io.projectreactor.netty:reactor-netty,${reactor-netty-version},v0.122.66,1731538348000,2024-11-13
app.cybrid:cybrid-api-organization-java,io.projectreactor.netty:reactor-netty,${reactor-netty-version},v0.122.70,1731683077000,2024-11-15
app.cybrid:cybrid-api-organization-java,io.projectreactor.netty:reactor-netty,${reactor-netty-version},v0.122.71,1731689029000,2024-11-15
app.cybrid:cybrid-api-organization-java,io.projectreactor.netty:reactor-netty,${reactor-netty-version},v0.122.69,1731609366000,2024-11-14
app.cybrid:cybrid-api-organization-java,io.projectreactor.netty:reactor-netty,${reactor-netty-version},v0.122.65,1731525918000,2024-11-13
app.cybrid:cybrid-api-organization-java,io.projectreactor.netty:reactor-netty,${reactor-netty-version},v0.122.67,1731603504000,2024-11-14
app.cybrid:cybrid-api-organization-java,io.projectreactor.netty:reactor-netty,${reactor-netty-version},v0.122.64,1731521945000,2024-11-13
app.cybrid:cybrid-api-organization-java,io.projectreactor.netty:reactor-netty,${reactor-netty-version},v0.122.60,1731438458000,2024-11-12
app.cybrid:cybrid-api-organization-java,io.projectreactor.netty:reactor-netty,${reactor-netty-version},v0.122.59,1731429619000,2024-11-12
app.cybrid:cybrid-api-organization-java,io.projectreactor.netty:reactor-netty,${reactor-netty-version},v0.122.57,1731360115000,2024-11-11
app.cybrid:cybrid-api-organization-java,io.projectreactor.netty:reactor-netty,${reactor-netty-version},v0.122.58,1731416681000,2024-11-12
app.cybrid:cybrid-api-organization-java,io.projectreactor.netty:reactor-netty,${reactor-netty-version},v0.122.54,1731340218000,2024-11-11
app.cybrid:cybrid-api-organization-java,io.projectreactor.netty:reactor-netty,${reactor-netty-version},v0.122.53,1731335959000,2024-11-11
app.cybrid:cybrid-api-organization-java,io.projectreactor.netty:reactor-netty,${reactor-netty-version},v0.122.52,1731329653000,2024-11-11
io.github.fomin.oas-gen:oas-gen-java-reactor-netty-runtime,io.projectreactor.netty:reactor-netty,1.0.9,0.1.12,1628090935000,2021-08-04
io.github.fomin.oas-gen:oas-gen-java-reactor-netty-runtime,io.projectreactor.netty:reactor-netty,1.0.7,0.1.7,1624472226000,2021-06-23
io.github.fomin.oas-gen:oas-gen-java-reactor-netty-runtime,io.projectreactor.netty:reactor-netty,1.0.7,0.1.8,1624556874000,2021-06-24
io.github.fomin.oas-gen:oas-gen-java-reactor-netty-runtime,io.projectreactor.netty:reactor-netty,1.0.7,0.1.6,1624301126000,2021-06-21
io.github.fomin.oas-gen:oas-gen-java-reactor-netty-runtime,io.projectreactor.netty:reactor-netty,1.0.7,0.1.5,1624286188000,2021-06-21
io.github.fomin.oas-gen:oas-gen-java-reactor-netty-runtime,io.projectreactor.netty:reactor-netty,1.0.17,0.2.2,1648662861000,2022-03-30
io.github.fomin.oas-gen:oas-gen-java-reactor-netty-runtime,io.projectreactor.netty:reactor-netty,1.0.10,0.1.13,1632673251000,2021-09-26
io.github.fomin.oas-gen:oas-gen-java-reactor-netty-runtime,io.projectreactor.netty:reactor-netty,1.0.7,0.1.2,1623854437000,2021-06-16
io.github.fomin.oas-gen:oas-gen-java-reactor-netty-runtime,io.projectreactor.netty:reactor-netty,1.0.7,0.1.0,1623007576000,2021-06-06
io.github.fomin.oas-gen:oas-gen-java-reactor-netty-runtime,io.projectreactor.netty:reactor-netty,1.0.7,0.1.1,1623693896000,2021-06-14
io.github.fomin.oas-gen:oas-gen-java-reactor-netty-runtime,io.projectreactor.netty:reactor-netty,1.0.4,0.0.43,1622359042000,2021-05-30
io.github.fomin.oas-gen:oas-gen-java-reactor-netty-runtime,io.projectreactor.netty:reactor-netty,1.0.4,0.0.42,1621941176000,2021-05-25
io.github.fomin.oas-gen:oas-gen-java-reactor-netty-runtime,io.projectreactor.netty:reactor-netty,1.0.4,0.0.41,1618130790000,2021-04-11
io.github.fomin.oas-gen:oas-gen-java-reactor-netty-runtime,io.projectreactor.netty:reactor-netty,1.0.17,0.2.1,1648650850000,2022-03-30
io.github.fomin.oas-gen:oas-gen-java-reactor-netty-runtime,io.projectreactor.netty:reactor-netty,1.0.13,0.2.0,1637780966000,2021-11-24
io.github.fomin.oas-gen:oas-gen-java-reactor-netty-runtime,io.projectreactor.netty:reactor-netty,1.0.9,0.1.11,1626634578000,2021-07-18
io.github.fomin.oas-gen:oas-gen-java-reactor-netty-runtime,io.projectreactor.netty:reactor-netty,1.0.8,0.1.10,1625145835000,2021-07-01
io.github.fomin.oas-gen:oas-gen-java-reactor-netty-runtime,io.projectreactor.netty:reactor-netty,1.0.8,0.1.9,1625073077000,2021-06-30
io.github.fomin.oas-gen:oas-gen-java-reactor-netty-runtime,io.projectreactor.netty:reactor-netty,1.0.7,0.1.4,1623995025000,2021-06-17
io.github.fomin.oas-gen:oas-gen-java-reactor-netty-runtime,io.projectreactor.netty:reactor-netty,1.0.7,0.1.3,1623932282000,2021-06-17
io.split.integrations.azure:impressions-listener,io.projectreactor.netty:reactor-netty,1.0.14,0.9.0,1648490652000,2022-03-28
io.github.sgtsilvio:oci-registry,io.projectreactor.netty:reactor-netty,1.1.17,0.4.0,1710364085000,2024-03-13
io.github.sgtsilvio:oci-registry,io.projectreactor.netty:reactor-netty,1.1.15,0.3.0,1705773201000,2024-01-20
io.github.sgtsilvio:oci-registry,io.projectreactor.netty:reactor-netty,1.1.21,0.4.1,1722196000000,2024-07-28
io.github.sgtsilvio:oci-registry,io.projectreactor.netty:reactor-netty,1.1.15,0.2.0,1704974175000,2024-01-11
io.github.sgtsilvio:oci-registry,io.projectreactor.netty:reactor-netty,1.1.10,0.1.0,1694362342000,2023-09-10
io.github.mmihira:qualtrix-sdk,io.projectreactor.netty:reactor-netty,0.9.4.RELEASE,0.1.0,1580961679000,2020-02-05
io.github.mmihira:qualtrix-sdk,io.projectreactor.netty:reactor-netty,0.9.4.RELEASE,0.3.10,1582602813000,2020-02-24
io.github.mmihira:qualtrix-sdk,io.projectreactor.netty:reactor-netty,0.9.4.RELEASE,0.3.11,1582609122000,2020-02-24
io.github.mmihira:qualtrix-sdk,io.projectreactor.netty:reactor-netty,0.9.4.RELEASE,0.4.0,1607398176000,2020-12-07
io.github.mmihira:qualtrix-sdk,io.projectreactor.netty:reactor-netty,0.9.4.RELEASE,0.1.12,1581313278000,2020-02-09
io.github.mmihira:qualtrix-sdk,io.projectreactor.netty:reactor-netty,0.9.4.RELEASE,0.1.11,1581310836000,2020-02-09
io.github.mmihira:qualtrix-sdk,io.projectreactor.netty:reactor-netty,0.9.4.RELEASE,0.3.0,1582506651000,2020-02-23
io.github.mmihira:qualtrix-sdk,io.projectreactor.netty:reactor-netty,0.9.4.RELEASE,0.2.1,1582247706000,2020-02-20
io.github.mmihira:qualtrix-sdk,io.projectreactor.netty:reactor-netty,0.9.4.RELEASE,0.1.1,1581309997000,2020-02-09
io.github.mmihira:qualtrix-sdk,io.projectreactor.netty:reactor-netty,0.9.4.RELEASE,0.4.1,1613369422000,2021-02-14
io.github.mmihira:qualtrix-sdk,io.projectreactor.netty:reactor-netty,0.9.4.RELEASE,0.2.0,1581476779000,2020-02-11
io.github.mmihira:qualtrix-sdk,io.projectreactor.netty:reactor-netty,0.9.4.RELEASE,0.1.13,1581390775000,2020-02-10
net.sandrohc:reactive-jikan,io.projectreactor.netty:reactor-netty,1.1.0,2.2.0,1668891368000,2022-11-19
net.sandrohc:reactive-jikan,io.projectreactor.netty:reactor-netty,1.0.1,1.0.0,1615841803000,2021-03-15
net.sandrohc:reactive-jikan,io.projectreactor.netty:reactor-netty,1.0.15,1.1.0,1644761122000,2022-02-13
net.sandrohc:reactive-jikan,io.projectreactor.netty:reactor-netty,1.0.12,1.0.2,1636229085000,2021-11-06
net.sandrohc:reactive-jikan,io.projectreactor.netty:reactor-netty,0.9.10.RELEASE,0.1.1,1615844597000,2021-03-15
net.sandrohc:reactive-jikan,io.projectreactor.netty:reactor-netty,1.0.16,2.1.0,1645475629000,2022-02-21
net.sandrohc:reactive-jikan,io.projectreactor.netty:reactor-netty,1.0.15,2.0.0,1645449277000,2022-02-21
net.sandrohc:reactive-jikan,io.projectreactor.netty:reactor-netty,1.0.1,0.1.2,1615844419000,2021-03-15
net.sandrohc:reactive-jikan,io.projectreactor.netty:reactor-netty,1.0.5,1.0.1,1615895958000,2021-03-16
net.sandrohc:reactive-jikan,io.projectreactor.netty:reactor-netty,0.9.9.RELEASE,0.1.0,1615844709000,2021-03-15
org.apache.servicemix.bundles:org.apache.servicemix.bundles.azure-storage-blob,io.projectreactor.netty:reactor-netty,1.0.6,12.11.1_1,1627059801000,2021-07-23
org.apache.servicemix.bundles:org.apache.servicemix.bundles.azure-storage-blob,io.projectreactor.netty:reactor-netty,1.0.7,12.12.0_1,1624971063000,2021-06-29
org.apache.servicemix.bundles:org.apache.servicemix.bundles.azure-storage-blob,io.projectreactor.netty:reactor-netty,0.9.12.RELEASE,12.9.0_1,1606678517000,2020-11-29
org.apache.servicemix.bundles:org.apache.servicemix.bundles.azure-storage-blob,io.projectreactor.netty:reactor-netty,0.9.15.RELEASE,12.10.0_1,1612195198000,2021-02-01
org.apache.servicemix.bundles:org.apache.servicemix.bundles.azure-storage-blob,io.projectreactor.netty:reactor-netty,0.9.10.RELEASE,12.8.0_1,1598517581000,2020-08-27
org.apache.servicemix.bundles:org.apache.servicemix.bundles.azure-storage-blob,io.projectreactor.netty:reactor-netty,1.0.4,12.11.0_1,1620033091000,2021-05-03
org.apache.servicemix.bundles:org.apache.servicemix.bundles.azure-storage-blob,io.projectreactor.netty:reactor-netty,0.9.7.RELEASE,12.6.1_1,1591211754000,2020-06-03
org.apache.servicemix.bundles:org.apache.servicemix.bundles.azure-storage-blob,io.projectreactor.netty:reactor-netty,0.9.10.RELEASE,12.8.0_2,1601389164000,2020-09-29
org.apache.servicemix.bundles:org.apache.servicemix.bundles.azure-storage-blob,io.projectreactor.netty:reactor-netty,0.9.5.RELEASE,12.6.0_1,1588343955000,2020-05-01
org.apache.servicemix.bundles:org.apache.servicemix.bundles.azure-storage-blob,io.projectreactor.netty:reactor-netty,0.9.7.RELEASE,12.7.0_1,1594098949000,2020-07-06
org.apache.servicemix.bundles:org.apache.servicemix.bundles.azure-storage-file-datalake,io.projectreactor.netty:reactor-netty,1.0.6,12.5.1_1,1627103894000,2021-07-23
io.rsocket.broker:rsocket-broker-client,io.projectreactor.netty:reactor-netty,1.0.13,0.3.0,1638259725000,2021-11-30
com.github.kuliginstepan:dadata-client,io.projectreactor.netty:reactor-netty,0.9.6.RELEASE,2.5.5,1625930885000,2021-07-10
com.github.kuliginstepan:dadata-client,io.projectreactor.netty:reactor-netty,0.9.6.RELEASE,2.5.4,1624960232000,2021-06-29
com.github.kuliginstepan:dadata-client,io.projectreactor.netty:reactor-netty,0.9.6.RELEASE,2.6.0,1629657278000,2021-08-22
com.github.kuliginstepan:dadata-client,io.projectreactor.netty:reactor-netty,0.9.6.RELEASE,2.5.3,1620918361000,2021-05-13
com.github.kuliginstepan:dadata-client,io.projectreactor.netty:reactor-netty,0.9.6.RELEASE,2.6.2,1633608514000,2021-10-07
com.github.kuliginstepan:dadata-client,io.projectreactor.netty:reactor-netty,1.0.25,3.1.0,1670599650000,2022-12-09
com.github.kuliginstepan:dadata-client,io.projectreactor.netty:reactor-netty,1.1.4,4.0.0,1677947819000,2023-03-04
com.github.kuliginstepan:dadata-client,io.projectreactor.netty:reactor-netty,1.0.15,3.0.0,1645562577000,2022-02-22
com.github.kuliginstepan:dadata-client,io.projectreactor.netty:reactor-netty,0.9.6.RELEASE,2.6.1,1633016128000,2021-09-30
io.mock-box:mock-box-core,io.projectreactor.netty:reactor-netty,1.0.21,0.0.1,1660243712000,2022-08-11
io.mock-box:mock-box-core,io.projectreactor.netty:reactor-netty,1.0.21,unspecified,1660254376000,2022-08-11
io.mock-box:mock-box-core,io.projectreactor.netty:reactor-netty,1.0.22,DEPRECATED,1660656476000,2022-08-16
org.opensearch.plugin:repository-azure,io.projectreactor.netty:reactor-netty,1.0.39,1.3.18,1721182018000,2024-07-16
org.opensearch.plugin:repository-azure,io.projectreactor.netty:reactor-netty,1.0.39,1.3.17,1717705583000,2024-06-06
org.opensearch.plugin:repository-azure,io.projectreactor.netty:reactor-netty,1.0.39,1.3.19,1724795395000,2024-08-27
org.opensearch.plugin:repository-azure,io.projectreactor.netty:reactor-netty,1.0.39,1.3.16,1713907197000,2024-04-23
org.opensearch.plugin:repository-azure,io.projectreactor.netty:reactor-netty,1.0.39,1.3.15,1709678093000,2024-03-05
org.opensearch.plugin:repository-azure,io.projectreactor.netty:reactor-netty,1.1.8,2.11.1,1701387707000,2023-11-30
org.opensearch.plugin:repository-azure,io.projectreactor.netty:reactor-netty,1.1.2,1.3.12,1691701885000,2023-08-10
org.opensearch.plugin:repository-azure,io.projectreactor.netty:reactor-netty,1.1.2,1.3.13,1695331406000,2023-09-21
org.opensearch.plugin:repository-azure,io.projectreactor.netty:reactor-netty,1.1.8,2.10.0,1695679052000,2023-09-25
org.opensearch.plugin:repository-azure,io.projectreactor.netty:reactor-netty,1.1.8,2.11.0,1697485261000,2023-10-16
org.opensearch.plugin:repository-azure,io.projectreactor.netty:reactor-netty,1.0.39,1.3.14,1702412268000,2023-12-12
org.opensearch.plugin:repository-azure,io.projectreactor.netty:reactor-netty,1.1.8,2.9.0,1690227249000,2023-07-24
io.micronaut.r2dbc:micronaut-data-r2dbc,io.projectreactor.netty:reactor-netty,1.0.1,1.0.0.M2,1605276243000,2020-11-13
io.micronaut.r2dbc:micronaut-data-r2dbc,io.projectreactor.netty:reactor-netty,1.0.1,1.0.0.M1,1605266842000,2020-11-13
io.micronaut.r2dbc:micronaut-data-r2dbc,io.projectreactor.netty:reactor-netty,1.0.4,1.1.1,1615823689000,2021-03-15
io.micronaut.r2dbc:micronaut-data-r2dbc,io.projectreactor.netty:reactor-netty,1.0.2,1.0.0,1610108596000,2021-01-08
io.micronaut.r2dbc:micronaut-data-r2dbc,io.projectreactor.netty:reactor-netty,1.0.4,1.1.0,1614844954000,2021-03-04
io.micronaut.r2dbc:micronaut-data-r2dbc,io.projectreactor.netty:reactor-netty,1.0.3,1.0.1,1611253560000,2021-01-21
com.udaan.r2dbi:r2dbi-core,io.projectreactor.netty:reactor-netty,1.1.9,1.0.0.ALPHA,1709636703991,2024-03-05
com.github.hakenadu:java-langchains,io.projectreactor.netty:reactor-netty,${reactor.version},0.2.0,1687713056000,2023-06-25
com.github.hakenadu:java-langchains,io.projectreactor.netty:reactor-netty,${reactor.version},0.1.2,1687386334000,2023-06-21
com.github.hakenadu:java-langchains,io.projectreactor.netty:reactor-netty,${reactor.version},0.4.3,1688834735000,2023-07-08
com.github.hakenadu:java-langchains,io.projectreactor.netty:reactor-netty,${reactor.version},0.5.0,1689623332000,2023-07-17
com.github.hakenadu:java-langchains,io.projectreactor.netty:reactor-netty,${reactor.version},0.4.2,1688575932000,2023-07-05
com.github.hakenadu:java-langchains,io.projectreactor.netty:reactor-netty,${reactor.version},0.3.0,1687713571000,2023-06-25
com.github.hakenadu:java-langchains,io.projectreactor.netty:reactor-netty,${reactor.version},0.4.4,1689023498000,2023-07-10
com.github.hakenadu:java-langchains,io.projectreactor.netty:reactor-netty,${reactor.version},0.1.0,1686516000000,2023-06-11
com.github.hakenadu:java-langchains,io.projectreactor.netty:reactor-netty,${reactor.version},0.0.3,1685569992000,2023-05-31
com.github.hakenadu:java-langchains,io.projectreactor.netty:reactor-netty,${reactor.version},0.0.4,1685902322000,2023-06-04
com.github.hakenadu:java-langchains,io.projectreactor.netty:reactor-netty,${reactor.version},0.4.0,1687988305000,2023-06-28
com.github.hakenadu:java-langchains,io.projectreactor.netty:reactor-netty,${reactor.version},0.4.1,1688159836000,2023-06-30
com.github.hakenadu:java-langchains,io.projectreactor.netty:reactor-netty,${reactor.version},0.0.2,1685398246000,2023-05-29
com.pighand:pighand-framework-spring-parent,io.projectreactor.netty:reactor-netty,${reactor-netty.version},2.0.0-bate.1.20231210,1702350677000,2023-12-11
com.pighand:pighand-framework-spring-parent,io.projectreactor.netty:reactor-netty,${reactor-netty.version},1.2.2,1686912269000,2023-06-16
com.pighand:pighand-framework-spring-parent,io.projectreactor.netty:reactor-netty,${reactor-netty.version},1.2.3,1688387809000,2023-07-03
com.pighand:pighand-framework-spring-parent,io.projectreactor.netty:reactor-netty,${reactor-netty.version},1.2.5,1688950154000,2023-07-09
com.pighand:pighand-framework-spring-parent,io.projectreactor.netty:reactor-netty,${reactor-netty.version},2.0.0-bate.1.20240117,1705850870000,2024-01-21
com.pighand:pighand-framework-spring-parent,io.projectreactor.netty:reactor-netty,${reactor-netty.version},2.0.0-bate.1.20240712,1720780373000,2024-07-12
com.pighand:pighand-framework-spring-parent,io.projectreactor.netty:reactor-netty,${reactor-netty.version},2.0.0-bate.1.20240527,1716954630000,2024-05-28
com.pighand:pighand-framework-spring-parent,io.projectreactor.netty:reactor-netty,${reactor-netty.version},2.0.0-bate.1.20240606,1717605592000,2024-06-05
com.pighand:pighand-framework-spring-parent,io.projectreactor.netty:reactor-netty,${reactor-netty.version},2.0.0-bate.1.20240611,1718874002000,2024-06-20
com.pighand:pighand-framework-spring-parent,io.projectreactor.netty:reactor-netty,${reactor-netty.version},2.0.0-bate.1.20240517,1716281398000,2024-05-21
com.pighand:pighand-framework-spring-parent,io.projectreactor.netty:reactor-netty,${reactor-netty.version},1.2.4,1700812207000,2023-11-24
com.pighand:pighand-framework-spring-parent,io.projectreactor.netty:reactor-netty,${reactor-netty.version},1.2.1,1683853648000,2023-05-11
com.pighand:pighand-framework-spring-parent,io.projectreactor.netty:reactor-netty,${reactor-netty.version},1.2.0,1682244010000,2023-04-23
com.vaadin:copilot,io.projectreactor.netty:reactor-netty,1.1.22,24.4.16,1730720903000,2024-11-04
com.vaadin:copilot,io.projectreactor.netty:reactor-netty,1.1.22,24.4.14,1727701756000,2024-09-30
com.vaadin:copilot,io.projectreactor.netty:reactor-netty,1.1.22,24.5.3,1730718343000,2024-11-04
com.vaadin:copilot,io.projectreactor.netty:reactor-netty,1.2.0,24.5.5,1731932181000,2024-11-18
com.vaadin:copilot,io.projectreactor.netty:reactor-netty,1.2.0,24.4.17,1731930461000,2024-11-18
com.vaadin:copilot,io.projectreactor.netty:reactor-netty,1.1.22,24.5.0,1729072495000,2024-10-16
com.vaadin:copilot,io.projectreactor.netty:reactor-netty,1.1.22,24.4.15,1729509950000,2024-10-21
com.vaadin:copilot,io.projectreactor.netty:reactor-netty,1.1.22,24.4.11,1724230635000,2024-08-21
com.vaadin:copilot,io.projectreactor.netty:reactor-netty,1.1.18,24.4.5,1720171598000,2024-07-05
com.vaadin:copilot,io.projectreactor.netty:reactor-netty,1.1.22,24.5.2,1729848027000,2024-10-25
com.vaadin:copilot,io.projectreactor.netty:reactor-netty,1.1.22,24.5.1,1729750718000,2024-10-24
com.vaadin:copilot,io.projectreactor.netty:reactor-netty,1.1.22,24.5.4,1730997948000,2024-11-07
com.vaadin:copilot,io.projectreactor.netty:reactor-netty,1.1.22,24.4.13,1726470112000,2024-09-16
com.vaadin:copilot,io.projectreactor.netty:reactor-netty,1.1.22,24.4.12,1725283824000,2024-09-02
com.vaadin:copilot,io.projectreactor.netty:reactor-netty,1.1.18,24.4.10,1724049760000,2024-08-19
com.vaadin:copilot,io.projectreactor.netty:reactor-netty,1.1.18,24.4.9,1722929065000,2024-08-06
com.vaadin:copilot,io.projectreactor.netty:reactor-netty,1.1.18,24.4.8,1721373386000,2024-07-19
com.vaadin:copilot,io.projectreactor.netty:reactor-netty,1.1.18,24.4.6,1720438757000,2024-07-08
com.vaadin:copilot,io.projectreactor.netty:reactor-netty,1.1.18,24.4.4,1719912688000,2024-07-02
com.vaadin:copilot,io.projectreactor.netty:reactor-netty,1.1.18,24.4.7,1721217242000,2024-07-17
io.github.cupybara:java-langchains,io.projectreactor.netty:reactor-netty,${reactor.version},0.6.3,1690618694000,2023-07-29
io.github.cupybara:java-langchains,io.projectreactor.netty:reactor-netty,${reactor.version},0.6.1,1689702053000,2023-07-18
com.rabbitmq:http-client,io.projectreactor.netty:reactor-netty,${reactor-netty.version},5.2.0,1698314145545,2023-10-26
com.rabbitmq:http-client,io.projectreactor.netty:reactor-netty,${reactor-netty.version},5.3.0,1731687571447,2024-11-15
com.rabbitmq:http-client,io.projectreactor.netty:reactor-netty,${reactor-netty.version},5.0.0,1669367360000,2022-11-25
com.rabbitmq:http-client,io.projectreactor.netty:reactor-netty,${reactor-netty.version},4.1.0,1646384728000,2022-03-04
com.rabbitmq:http-client,io.projectreactor.netty:reactor-netty,${reactor-netty.version},5.1.0,1690900334000,2023-08-01
com.rabbitmq:http-client,io.projectreactor.netty:reactor-netty,${reactor-netty.version},4.1.1,1646728312000,2022-03-08
com.rabbitmq:http-client,io.projectreactor.netty:reactor-netty,${reactor-netty.version},4.2.0,1668616593000,2022-11-16
com.rabbitmq:http-client,io.projectreactor.netty:reactor-netty,${reactor-netty.version},3.12.0,1631085560000,2021-09-08
com.rabbitmq:http-client,io.projectreactor.netty:reactor-netty,${reactor-netty.version},3.11.0,1626091671000,2021-07-12
com.rabbitmq:http-client,io.projectreactor.netty:reactor-netty,${reactor-netty.version},3.10.0,1620222454000,2021-05-05
com.rabbitmq:http-client,io.projectreactor.netty:reactor-netty,${reactor-netty.version},4.1.2,1646754596000,2022-03-08
com.rabbitmq:http-client,io.projectreactor.netty:reactor-netty,1.0.0,3.9.0.RELEASE,1604917196000,2020-11-09
com.rabbitmq:http-client,io.projectreactor.netty:reactor-netty,0.9.12.RELEASE,3.8.0.RELEASE,1602599040000,2020-10-13
com.rabbitmq:http-client,io.projectreactor.netty:reactor-netty,${reactor-netty.version},4.0.0,1643212702000,2022-01-26
com.rabbitmq:http-client,io.projectreactor.netty:reactor-netty,0.8.9.RELEASE,3.3.0.RELEASE,1564044731000,2019-07-25
com.rabbitmq:http-client,io.projectreactor.netty:reactor-netty,0.9.4.RELEASE,3.6.1.RELEASE,1581947482000,2020-02-17
com.rabbitmq:http-client,io.projectreactor.netty:reactor-netty,0.9.7.RELEASE,3.7.0.RELEASE,1590588048000,2020-05-27
com.rabbitmq:http-client,io.projectreactor.netty:reactor-netty,0.9.4.RELEASE,3.6.0.RELEASE,1580914000000,2020-02-05
com.rabbitmq:http-client,io.projectreactor.netty:reactor-netty,0.8.11.RELEASE,3.4.0.RELEASE,1568290159000,2019-09-12
com.rabbitmq:http-client,io.projectreactor.netty:reactor-netty,0.9.1.RELEASE,3.5.0.RELEASE,1574260480000,2019-11-20
com.azure.spring:spring-cloud-azure-feature-management,io.projectreactor.netty:reactor-netty,1.1.23,5.18.0,1730792836628,2024-11-05
com.azure.spring:spring-cloud-azure-feature-management,io.projectreactor.netty:reactor-netty,1.1.22,5.16.0,1726008058071,2024-09-10
com.azure.spring:spring-cloud-azure-feature-management,io.projectreactor.netty:reactor-netty,1.1.22,5.17.1,1728612009331,2024-10-10
com.azure.spring:spring-cloud-azure-feature-management,io.projectreactor.netty:reactor-netty,1.1.21,5.15.0,1722995648523,2024-08-06
com.azure.spring:spring-cloud-azure-feature-management,io.projectreactor.netty:reactor-netty,1.1.20,5.14.0,1720619909462,2024-07-10
com.azure.spring:spring-cloud-azure-feature-management,io.projectreactor.netty:reactor-netty,1.1.17,5.11.0,1711680288527,2024-03-28
com.azure.spring:spring-cloud-azure-feature-management,io.projectreactor.netty:reactor-netty,1.0.43,4.18.0,1715138920019,2024-05-07
com.azure.spring:spring-cloud-azure-feature-management,io.projectreactor.netty:reactor-netty,1.0.43,4.19.0,1717658750536,2024-06-06
com.azure.spring:spring-cloud-azure-feature-management,io.projectreactor.netty:reactor-netty,1.1.22,5.17.0,1728450131644,2024-10-08
com.azure.spring:spring-cloud-azure-feature-management,io.projectreactor.netty:reactor-netty,1.1.18,5.12.0,1715303023465,2024-05-09
com.azure.spring:spring-cloud-azure-feature-management,io.projectreactor.netty:reactor-netty,1.1.17,5.12.0-beta.1,1712713110169,2024-04-09
com.azure.spring:spring-cloud-azure-feature-management,io.projectreactor.netty:reactor-netty,1.0.43,4.17.0,1711591839671,2024-03-27
com.azure.spring:spring-cloud-azure-feature-management,io.projectreactor.netty:reactor-netty,1.0.40,4.16.0,1709116166222,2024-02-28
com.azure.spring:spring-cloud-azure-feature-management,io.projectreactor.netty:reactor-netty,1.1.13,5.9.0,1707192803883,2024-02-05
com.azure.spring:spring-cloud-azure-feature-management,io.projectreactor.netty:reactor-netty,1.1.13,5.9.0-beta.1,1705027649757,2024-01-11
com.azure.spring:spring-cloud-azure-feature-management,io.projectreactor.netty:reactor-netty,1.1.16,5.10.0,1709277864178,2024-03-01
com.azure.spring:spring-cloud-azure-feature-management,io.projectreactor.netty:reactor-netty,1.1.19,5.13.0,1717722979883,2024-06-06
com.azure.spring:spring-cloud-azure-feature-management,io.projectreactor.netty:reactor-netty,1.1.13,5.8.0,1702535081297,2023-12-13
com.azure.spring:spring-cloud-azure-feature-management,io.projectreactor.netty:reactor-netty,1.0.39,4.15.0,1706930059874,2024-02-02
com.azure.spring:spring-cloud-azure-feature-management,io.projectreactor.netty:reactor-netty,1.1.13,5.9.1,1707383677026,2024-02-08
org.apache.servicemix.bundles:org.apache.servicemix.bundles.azure-messaging-servicebus,io.projectreactor.netty:reactor-netty,1.0.6,7.2.1_1,1627103635000,2021-07-23
io.gitee.zodiacstack.quaf:quaf-core,io.projectreactor.netty:reactor-netty,0.9.16.RELEASE,1.5.12,1657347706000,2022-07-09
io.gitee.zodiacstack.quaf:quaf-core,io.projectreactor.netty:reactor-netty,0.9.16.RELEASE,1.7.12,1660989911000,2022-08-20
com.agonyforge:agony-forge-core,io.projectreactor.netty:reactor-netty,0.8.8.RELEASE,0.1.3,1562134281000,2019-07-03
com.agonyforge:agony-forge-core,io.projectreactor.netty:reactor-netty,0.8.8.RELEASE,0.1.0,1562094561000,2019-07-02
com.agonyforge:agony-forge-core,io.projectreactor.netty:reactor-netty,0.8.8.RELEASE,0.1.2,1562133069000,2019-07-02
io.github.fomin.oas-gen:oas-gen-reactor-netty-runtime,io.projectreactor.netty:reactor-netty,1.0.0,0.0.28,1604772496000,2020-11-07
io.github.fomin.oas-gen:oas-gen-reactor-netty-runtime,io.projectreactor.netty:reactor-netty,0.9.12.RELEASE,0.0.24,1603652419000,2020-10-25
io.github.fomin.oas-gen:oas-gen-reactor-netty-runtime,io.projectreactor.netty:reactor-netty,0.9.11.RELEASE,0.0.22,1601834705000,2020-10-04
io.github.fomin.oas-gen:oas-gen-reactor-netty-runtime,io.projectreactor.netty:reactor-netty,1.0.1,0.0.33,1606312799000,2020-11-25
io.github.fomin.oas-gen:oas-gen-reactor-netty-runtime,io.projectreactor.netty:reactor-netty,1.0.1,0.0.31,1605363076000,2020-11-14
io.github.fomin.oas-gen:oas-gen-reactor-netty-runtime,io.projectreactor.netty:reactor-netty,1.0.1,0.0.30,1605352711000,2020-11-14
io.github.fomin.oas-gen:oas-gen-reactor-netty-runtime,io.projectreactor.netty:reactor-netty,0.9.12.RELEASE,0.0.26,1604255979000,2020-11-01
io.github.fomin.oas-gen:oas-gen-reactor-netty-runtime,io.projectreactor.netty:reactor-netty,1.0.1,0.0.32,1605718447000,2020-11-18
io.github.fomin.oas-gen:oas-gen-reactor-netty-runtime,io.projectreactor.netty:reactor-netty,1.0.0,0.0.29,1604944314000,2020-11-09
io.github.fomin.oas-gen:oas-gen-reactor-netty-runtime,io.projectreactor.netty:reactor-netty,0.9.11.RELEASE,0.0.19-alpha1,1599553267000,2020-09-08
io.github.fomin.oas-gen:oas-gen-reactor-netty-runtime,io.projectreactor.netty:reactor-netty,0.9.9.RELEASE,0.0.18,1599398396000,2020-09-06
io.github.fomin.oas-gen:oas-gen-reactor-netty-runtime,io.projectreactor.netty:reactor-netty,0.9.11.RELEASE,0.0.20,1600366458000,2020-09-17
io.github.fomin.oas-gen:oas-gen-reactor-netty-runtime,io.projectreactor.netty:reactor-netty,0.9.11.RELEASE,0.0.21,1601737929000,2020-10-03
io.github.fomin.oas-gen:oas-gen-reactor-netty-runtime,io.projectreactor.netty:reactor-netty,0.9.9.RELEASE,0.0.16,1597596981000,2020-08-16
io.github.fomin.oas-gen:oas-gen-reactor-netty-runtime,io.projectreactor.netty:reactor-netty,0.9.9.RELEASE,0.0.15,1596993395000,2020-08-09
io.github.fomin.oas-gen:oas-gen-reactor-netty-runtime,io.projectreactor.netty:reactor-netty,1.0.0,0.0.27,1604514652000,2020-11-04
io.github.fomin.oas-gen:oas-gen-reactor-netty-runtime,io.projectreactor.netty:reactor-netty,0.9.12.RELEASE,0.0.25,1604158006000,2020-10-31
io.github.fomin.oas-gen:oas-gen-reactor-netty-runtime,io.projectreactor.netty:reactor-netty,0.9.12.RELEASE,0.0.23,1603564557000,2020-10-24
io.github.fomin.oas-gen:oas-gen-reactor-netty-runtime,io.projectreactor.netty:reactor-netty,0.9.11.RELEASE,0.0.19,1600277148000,2020-09-16
io.github.fomin.oas-gen:oas-gen-reactor-netty-runtime,io.projectreactor.netty:reactor-netty,0.9.9.RELEASE,0.0.17,1598207476000,2020-08-23
org.apache.servicemix.bundles:org.apache.servicemix.bundles.azure-messaging-eventhubs-checkpointstore-blob,io.projectreactor.netty:reactor-netty,1.0.7,1.8.0_1,1624971297000,2021-06-29
org.apache.servicemix.bundles:org.apache.servicemix.bundles.azure-messaging-eventhubs-checkpointstore-blob,io.projectreactor.netty:reactor-netty,1.0.6,1.7.1_1,1627103299000,2021-07-23
org.apache.servicemix.bundles:org.apache.servicemix.bundles.azure-messaging-eventhubs-checkpointstore-blob,io.projectreactor.netty:reactor-netty,0.9.12.RELEASE,1.4.0_1,1612195559000,2021-02-01
org.apache.servicemix.bundles:org.apache.servicemix.bundles.azure-messaging-eventhubs-checkpointstore-blob,io.projectreactor.netty:reactor-netty,0.9.10.RELEASE,1.3.1_1,1604425911000,2020-11-03
org.apache.servicemix.bundles:org.apache.servicemix.bundles.azure-messaging-eventhubs-checkpointstore-blob,io.projectreactor.netty:reactor-netty,0.9.15.RELEASE,1.5.1_1,1617122423000,2021-03-30
org.apache.servicemix.bundles:org.apache.servicemix.bundles.azure-messaging-eventhubs-checkpointstore-blob,io.projectreactor.netty:reactor-netty,0.9.7.RELEASE,1.1.2_1,1598528051000,2020-08-27
org.apache.servicemix.bundles:org.apache.servicemix.bundles.azure-messaging-eventhubs-checkpointstore-blob,io.projectreactor.netty:reactor-netty,0.9.15.RELEASE,1.5.0_1,1614518012000,2021-02-28
org.apache.servicemix.bundles:org.apache.servicemix.bundles.azure-messaging-eventhubs-checkpointstore-blob,io.projectreactor.netty:reactor-netty,0.9.15.RELEASE,1.6.0_1,1620026751000,2021-05-03
org.apache.servicemix.bundles:org.apache.servicemix.bundles.azure-messaging-eventhubs-checkpointstore-blob,io.projectreactor.netty:reactor-netty,1.0.4,1.7.0_1,1622028917000,2021-05-26
org.apache.servicemix.bundles:org.apache.servicemix.bundles.azure-messaging-eventhubs-checkpointstore-blob,io.projectreactor.netty:reactor-netty,0.9.10.RELEASE,1.2.0_1,1601457850000,2020-09-30
org.postgresql:r2dbc-postgresql,io.projectreactor.netty:reactor-netty,1.0.24,0.9.3.RELEASE,1668090820000,2022-11-10
org.postgresql:r2dbc-postgresql,io.projectreactor.netty:reactor-netty,1.1.0-M2,1.0.0.RC1,1655804928000,2022-06-21
org.postgresql:r2dbc-postgresql,io.projectreactor.netty:reactor-netty,1.0.17,0.9.2.RELEASE,1662023117000,2022-09-01
org.postgresql:r2dbc-postgresql,io.projectreactor.netty:reactor-netty,1.0.17,0.9.1.RELEASE,1647528362000,2022-03-17
org.postgresql:r2dbc-postgresql,io.projectreactor.netty:reactor-netty,1.0.13,0.9.0.RC1,1638785405000,2021-12-06
org.postgresql:r2dbc-postgresql,io.projectreactor.netty:reactor-netty,1.0.10,0.9.0.M2,1628769366000,2021-08-12
org.postgresql:r2dbc-postgresql,io.projectreactor.netty:reactor-netty,1.0.15,0.9.0.RELEASE,1641979719000,2022-01-12
org.postgresql:r2dbc-postgresql,io.projectreactor.netty:reactor-netty,1.0.4,0.9.0.M1,1614260510000,2021-02-25
io.github.stylesmile:fastboot-reactor-netty-server,io.projectreactor.netty:reactor-netty,1.1.15,2.10.2,1726803589000,2024-09-19
io.github.stylesmile:fastboot-reactor-netty-server,io.projectreactor.netty:reactor-netty,1.1.15,2.10.1,1725358898000,2024-09-03
io.github.stylesmile:fastboot-reactor-netty-server,io.projectreactor.netty:reactor-netty,1.1.15,2.9.0,1708748399000,2024-02-23
io.github.stylesmile:fastboot-reactor-netty-server,io.projectreactor.netty:reactor-netty,1.1.15,2.8.3,1708679166000,2024-02-23
io.github.stylesmile:fastboot-reactor-netty-server,io.projectreactor.netty:reactor-netty,1.1.15,2.9.3,1708834622000,2024-02-24
io.github.stylesmile:fastboot-reactor-netty-server,io.projectreactor.netty:reactor-netty,1.1.15,2.8.5,1708695944000,2024-02-23
io.github.stylesmile:fastboot-reactor-netty-server,io.projectreactor.netty:reactor-netty,1.1.15,2.9.2,1708783293000,2024-02-24
io.github.stylesmile:fastboot-reactor-netty-server,io.projectreactor.netty:reactor-netty,1.1.15,2.9.4,1711446820000,2024-03-26
io.github.stylesmile:fastboot-reactor-netty-server,io.projectreactor.netty:reactor-netty,1.1.15,2.8.4,1708693477000,2024-02-23
io.github.stylesmile:fastboot-reactor-netty-server,io.projectreactor.netty:reactor-netty,1.1.15,2.9.1,1708764432000,2024-02-24
io.github.stylesmile:fastboot-reactor-netty-server,io.projectreactor.netty:reactor-netty,1.1.15,2.9.5,1711507120000,2024-03-26
io.github.stylesmile:fastboot-reactor-netty-server,io.projectreactor.netty:reactor-netty,1.1.15,2.8.2,1708437757000,2024-02-20
io.github.stylesmile:fastboot-reactor-netty-server,io.projectreactor.netty:reactor-netty,1.1.15,2.8.1,1708432323000,2024-02-20
io.github.stylesmile:fastboot-reactor-netty-server,io.projectreactor.netty:reactor-netty,1.1.15,2.8.0,1708430682000,2024-02-20
io.github.stylesmile:fastboot-reactor-netty-server,io.projectreactor.netty:reactor-netty,1.1.15,2.7.8,1708413113000,2024-02-20
io.github.stylesmile:fastboot-reactor-netty-server,io.projectreactor.netty:reactor-netty,1.1.15,2.7.6,1708182844000,2024-02-17
io.github.stylesmile:fastboot-reactor-netty-server,io.projectreactor.netty:reactor-netty,1.1.15,2.7.5,1708175695000,2024-02-17
io.github.stylesmile:fastboot-reactor-netty-server,io.projectreactor.netty:reactor-netty,1.1.15,2.7.7,1708346581000,2024-02-19
io.github.stylesmile:fastboot-reactor-netty-server,io.projectreactor.netty:reactor-netty,1.1.15,2.7.4,1708166872000,2024-02-17
io.github.stylesmile:fastboot-reactor-netty-server,io.projectreactor.netty:reactor-netty,1.1.15,2.9.6,1711616277000,2024-03-28
one.leftshift.gaia-sdk:gaia-sdk-core,io.projectreactor.netty:reactor-netty,1.0.0,3.3.0,1615296854000,2021-03-09
one.leftshift.gaia-sdk:gaia-sdk-core,io.projectreactor.netty:reactor-netty,1.0.0,3.4.0,1620982547000,2021-05-14
one.leftshift.gaia-sdk:gaia-sdk-core,io.projectreactor.netty:reactor-netty,1.0.0,4.0.0,1633522587000,2021-10-06
one.leftshift.gaia-sdk:gaia-sdk-core,io.projectreactor.netty:reactor-netty,1.0.19,4.2.0,1655905120000,2022-06-22
one.leftshift.gaia-sdk:gaia-sdk-core,io.projectreactor.netty:reactor-netty,1.0.0,3.4.1,1624283165000,2021-06-21
one.leftshift.gaia-sdk:gaia-sdk-core,io.projectreactor.netty:reactor-netty,1.0.0,4.1.0,1644998066000,2022-02-16
io.opentracing.contrib:opentracing-spring-web-starter,io.projectreactor.netty:reactor-netty,${version.io.projectreactor.netty-reactor-netty},3.0.0,1575105655000,2019-11-30
io.opentracing.contrib:opentracing-spring-web-starter,io.projectreactor.netty:reactor-netty,${version.io.projectreactor.netty-reactor-netty},1.1.2,1555069113000,2019-04-12
io.opentracing.contrib:opentracing-spring-web-starter,io.projectreactor.netty:reactor-netty,${version.io.projectreactor.netty-reactor-netty},2.1.3,1565945374000,2019-08-16
io.opentracing.contrib:opentracing-spring-web-starter,io.projectreactor.netty:reactor-netty,${version.io.projectreactor.netty-reactor-netty},1.1.1,1552503265000,2019-03-13
io.opentracing.contrib:opentracing-spring-web-starter,io.projectreactor.netty:reactor-netty,${version.io.projectreactor.netty-reactor-netty},2.1.1,1560253029000,2019-06-11
io.opentracing.contrib:opentracing-spring-web-starter,io.projectreactor.netty:reactor-netty,${version.io.projectreactor.netty-reactor-netty},4.0.0,1601449778000,2020-09-30
io.opentracing.contrib:opentracing-spring-web-starter,io.projectreactor.netty:reactor-netty,${version.io.projectreactor.netty-reactor-netty},1.1.0,1551719434000,2019-03-04
io.opentracing.contrib:opentracing-spring-web-starter,io.projectreactor.netty:reactor-netty,${version.io.projectreactor.netty-reactor-netty},3.0.1,1579679209000,2020-01-22
io.opentracing.contrib:opentracing-spring-web-starter,io.projectreactor.netty:reactor-netty,${version.io.projectreactor.netty-reactor-netty},4.1.0,1602600589000,2020-10-13
io.opentracing.contrib:opentracing-spring-web-starter,io.projectreactor.netty:reactor-netty,${version.io.projectreactor.netty-reactor-netty},2.0.0,1556198836000,2019-04-25
io.opentracing.contrib:opentracing-spring-web-starter,io.projectreactor.netty:reactor-netty,${version.io.projectreactor.netty-reactor-netty},2.1.0,1556876517000,2019-05-03
co.mercenary-creators:mercenary-creators-core-kotlin,io.projectreactor.netty:reactor-netty,0.8.5.RELEASE,1.0.0-RELEASE,1556392019000,2019-04-27
org.zalando:logbook-spring-boot-webflux-autoconfigure,io.projectreactor.netty:reactor-netty,${reactor-netty.version},3.10.0,1730823551772,2024-11-05
org.zalando:logbook-spring-boot-webflux-autoconfigure,io.projectreactor.netty:reactor-netty,${reactor-netty.version},3.2.0,1689594458000,2023-07-17
org.zalando:logbook-spring-boot-webflux-autoconfigure,io.projectreactor.netty:reactor-netty,${reactor-netty.version},3.6.0,1698766817383,2023-10-31
org.zalando:logbook-spring-boot-webflux-autoconfigure,io.projectreactor.netty:reactor-netty,${reactor-netty.version},3.9.0,1716825680383,2024-05-27
org.zalando:logbook-spring-boot-webflux-autoconfigure,io.projectreactor.netty:reactor-netty,${reactor-netty.version},3.7.0,1701694994193,2023-12-04
org.zalando:logbook-spring-boot-webflux-autoconfigure,io.projectreactor.netty:reactor-netty,${reactor-netty.version},3.1.0,1687206793000,2023-06-19
org.zalando:logbook-spring-boot-webflux-autoconfigure,io.projectreactor.netty:reactor-netty,${reactor-netty.version},3.5.0,1695986958215,2023-09-29
org.zalando:logbook-spring-boot-webflux-autoconfigure,io.projectreactor.netty:reactor-netty,${reactor-netty.version},3.7.2,1702403783129,2023-12-12
org.zalando:logbook-spring-boot-webflux-autoconfigure,io.projectreactor.netty:reactor-netty,${reactor-netty.version},3.4.0,1693843207000,2023-09-04
org.zalando:logbook-spring-boot-webflux-autoconfigure,io.projectreactor.netty:reactor-netty,${reactor-netty.version},3.8.0,1712767418867,2024-04-10
org.zalando:logbook-spring-boot-webflux-autoconfigure,io.projectreactor.netty:reactor-netty,${reactor-netty.version},3.3.0,1690298415000,2023-07-25
org.zalando:logbook-spring-boot-webflux-autoconfigure,io.projectreactor.netty:reactor-netty,${reactor-netty.version},3.7.1,1702049641272,2023-12-08
org.zalando:logbook-spring-boot-webflux-autoconfigure,io.projectreactor.netty:reactor-netty,${reactor-netty.version},3.0.0,1684511663000,2023-05-19
org.zalando:logbook-spring-boot-webflux-autoconfigure,io.projectreactor.netty:reactor-netty,${reactor-netty.version},3.0.0-RC.0,1679934275000,2023-03-27
org.zalando:logbook-spring-boot-webflux-autoconfigure,io.projectreactor.netty:reactor-netty,${reactor-netty.version},2.13.0,1631022164000,2021-09-07
org.zalando:logbook-spring-boot-webflux-autoconfigure,io.projectreactor.netty:reactor-netty,${reactor-netty.version},2.14.0,1634048251000,2021-10-12
org.zalando:logbook-spring-boot-webflux-autoconfigure,io.projectreactor.netty:reactor-netty,${reactor-netty.version},3.0.0-RC.1,1681900677000,2023-04-19
org.zalando:logbook-spring-boot-webflux-autoconfigure,io.projectreactor.netty:reactor-netty,${reactor-netty.version},3.0.0-RC.2,1682002982000,2023-04-20
org.zalando:logbook-spring-boot-webflux-autoconfigure,io.projectreactor.netty:reactor-netty,${reactor-netty.version},2.15.0,1677170977000,2023-02-23
org.zalando:logbook-spring-boot-webflux-autoconfigure,io.projectreactor.netty:reactor-netty,${reactor-netty.version},2.16.0,1678180143000,2023-03-07
io.rsocket.broker:rsocket-broker-frames,io.projectreactor.netty:reactor-netty,1.0.13,0.3.0,1638259752000,2021-11-30
io.github.ktakashi.oas.stub:oas-stub-server,io.projectreactor.netty:reactor-netty,1.1.18,2.0.2,1717409346000,2024-06-03
io.github.ktakashi.oas.stub:oas-stub-server,io.projectreactor.netty:reactor-netty,1.1.18,2.0.1,1716295764000,2024-05-21
io.github.ktakashi.oas.stub:oas-stub-server,io.projectreactor.netty:reactor-netty,1.1.18,2.1.0,1720450276000,2024-07-08
io.github.ktakashi.oas.stub:oas-stub-server,io.projectreactor.netty:reactor-netty,1.1.18,2.0.0,1715959206000,2024-05-17
cz.encircled:reactive-jira-client,io.projectreactor.netty:reactor-netty,${reactor-netty.version},0.0.10,1547988260000,2019-01-20
cz.encircled:reactive-jira-client,io.projectreactor.netty:reactor-netty,${reactor-netty.version},0.0.13,1578308135000,2020-01-06
cz.encircled:reactive-jira-client,io.projectreactor.netty:reactor-netty,${reactor-netty.version},0.0.11,1548109692000,2019-01-21
cz.encircled:reactive-jira-client,io.projectreactor.netty:reactor-netty,${reactor-netty.version},0.0.12,1554394129000,2019-04-04
cz.encircled:reactive-jira-client,io.projectreactor.netty:reactor-netty,0.8.3.RELEASE,0.0.7,1545256623000,2018-12-19
cz.encircled:reactive-jira-client,io.projectreactor.netty:reactor-netty,${reactor-netty.version},0.0.8,1546787376000,2019-01-06
cz.encircled:reactive-jira-client,io.projectreactor.netty:reactor-netty,0.8.3.RELEASE,0.0.6,1544984137000,2018-12-16
cz.encircled:reactive-jira-client,io.projectreactor.netty:reactor-netty,${reactor-netty.version},0.0.9,1547227016000,2019-01-11
io.github.quickmsg:smqtt-spring-boot-starter,io.projectreactor.netty:reactor-netty,1.0.10,1.0.8,1634218807000,2021-10-14
io.github.quickmsg:smqtt-spring-boot-starter,io.projectreactor.netty:reactor-netty,1.0.10,1.1.7,1677217117000,2023-02-23
io.github.quickmsg:smqtt-spring-boot-starter,io.projectreactor.netty:reactor-netty,1.0.10,1.1.1,1640269786000,2021-12-23
io.github.quickmsg:smqtt-spring-boot-starter,io.projectreactor.netty:reactor-netty,1.0.10,1.1.5,1657637375000,2022-07-12
io.github.quickmsg:smqtt-spring-boot-starter,io.projectreactor.netty:reactor-netty,1.0.10,1.1.6,1671070795000,2022-12-14
io.github.quickmsg:smqtt-spring-boot-starter,io.projectreactor.netty:reactor-netty,1.0.10,1.1.4,1653747200000,2022-05-28
io.github.quickmsg:smqtt-spring-boot-starter,io.projectreactor.netty:reactor-netty,1.0.10,1.1.2,1642296186000,2022-01-15
io.github.quickmsg:smqtt-spring-boot-starter,io.projectreactor.netty:reactor-netty,1.0.10,0.3.1,1642086563000,2022-01-13
io.github.quickmsg:smqtt-spring-boot-starter,io.projectreactor.netty:reactor-netty,1.0.10,1.0.9,1634968398000,2021-10-22
io.github.quickmsg:smqtt-spring-boot-starter,io.projectreactor.netty:reactor-netty,1.0.10,1.1.0,1638800035000,2021-12-06
io.github.quickmsg:smqtt-spring-boot-starter,io.projectreactor.netty:reactor-netty,1.0.10,1.1.3,1647786261000,2022-03-20
com.azure.spring:azure-spring-boot-starter-active-directory,io.projectreactor.netty:reactor-netty,1.0.14,3.14.0,1646116410000,2022-02-28
com.azure.spring:azure-spring-boot-starter-active-directory,io.projectreactor.netty:reactor-netty,1.0.14,3.13.0,1643164617000,2022-01-25
com.azure.spring:azure-spring-boot-starter-active-directory,io.projectreactor.netty:reactor-netty,1.0.13,3.12.0,1640352278000,2021-12-24
com.azure.spring:azure-spring-boot-starter-active-directory,io.projectreactor.netty:reactor-netty,1.0.4,3.4.0,1618887165000,2021-04-19
com.azure.spring:azure-spring-boot-starter-active-directory,io.projectreactor.netty:reactor-netty,1.0.8,3.7.0,1626851952000,2021-07-21
com.azure.spring:azure-spring-boot-starter-active-directory,io.projectreactor.netty:reactor-netty,0.9.15.RELEASE,3.2.0,1614922396000,2021-03-04
com.azure.spring:azure-spring-boot-starter-active-directory,io.projectreactor.netty:reactor-netty,1.0.7,3.6.0,1624592103000,2021-06-24
com.azure.spring:azure-spring-boot-starter-active-directory,io.projectreactor.netty:reactor-netty,0.9.15.RELEASE,3.1.0,1611638616000,2021-01-25
com.azure.spring:azure-spring-boot-starter-active-directory,io.projectreactor.netty:reactor-netty,0.9.13.RELEASE,3.0.0,1609398993000,2020-12-31
com.azure.spring:azure-spring-boot-starter-active-directory,io.projectreactor.netty:reactor-netty,1.0.11,3.10.0,1635848184000,2021-11-02
com.azure.spring:azure-spring-boot-starter-active-directory,io.projectreactor.netty:reactor-netty,1.0.6,3.5.0,1621859770000,2021-05-24
com.azure.spring:azure-spring-boot-starter-active-directory,io.projectreactor.netty:reactor-netty,1.0.8,3.6.1,1625214452000,2021-07-02
com.azure.spring:azure-spring-boot-starter-active-directory,io.projectreactor.netty:reactor-netty,1.0.4,3.3.0,1616425824000,2021-03-22
com.azure.spring:azure-spring-boot-starter-active-directory,io.projectreactor.netty:reactor-netty,1.0.11,3.11.0,1637848420000,2021-11-25
com.azure.spring:azure-spring-boot-starter-active-directory,io.projectreactor.netty:reactor-netty,1.0.10,3.9.0,1632791400000,2021-09-27
com.azure.spring:azure-spring-boot-starter-active-directory,io.projectreactor.netty:reactor-netty,1.0.9,3.8.0,1629944711000,2021-08-25
org.apache.skywalking:apm-spring-cloud-gateway-2.1.x-plugin,io.projectreactor.netty:reactor-netty,0.8.11.RELEASE,8.14.0,1673493475000,2023-01-11
org.apache.skywalking:apm-spring-cloud-gateway-2.1.x-plugin,io.projectreactor.netty:reactor-netty,0.8.11.RELEASE,9.2.0,1711893442000,2024-03-31
org.apache.skywalking:apm-spring-cloud-gateway-2.1.x-plugin,io.projectreactor.netty:reactor-netty,0.8.11.RELEASE,8.16.0,1685545429000,2023-05-31
org.apache.skywalking:apm-spring-cloud-gateway-2.1.x-plugin,io.projectreactor.netty:reactor-netty,0.8.11.RELEASE,8.13.0,1667742018000,2022-11-06
org.apache.skywalking:apm-spring-cloud-gateway-2.1.x-plugin,io.projectreactor.netty:reactor-netty,0.8.11.RELEASE,9.0.0,1693281085000,2023-08-28
org.apache.skywalking:apm-spring-cloud-gateway-2.1.x-plugin,io.projectreactor.netty:reactor-netty,0.8.11.RELEASE,8.10.0,1649778090000,2022-04-12
org.apache.skywalking:apm-spring-cloud-gateway-2.1.x-plugin,io.projectreactor.netty:reactor-netty,0.8.11.RELEASE,8.12.0,1662017594000,2022-09-01
org.apache.skywalking:apm-spring-cloud-gateway-2.1.x-plugin,io.projectreactor.netty:reactor-netty,0.8.11.RELEASE,8.11.0,1655521556000,2022-06-17
org.apache.skywalking:apm-spring-cloud-gateway-2.1.x-plugin,io.projectreactor.netty:reactor-netty,0.8.11.RELEASE,8.9.0,1643376495000,2022-01-28
org.apache.skywalking:apm-spring-cloud-gateway-2.1.x-plugin,io.projectreactor.netty:reactor-netty,0.8.11.RELEASE,9.3.0,1721922384000,2024-07-25
org.apache.skywalking:apm-spring-cloud-gateway-2.1.x-plugin,io.projectreactor.netty:reactor-netty,0.8.11.RELEASE,9.1.0,1701500448000,2023-12-02
org.apache.skywalking:apm-spring-cloud-gateway-2.1.x-plugin,io.projectreactor.netty:reactor-netty,0.8.11.RELEASE,8.8.0,1635327576000,2021-10-27
org.apache.skywalking:apm-spring-cloud-gateway-2.1.x-plugin,io.projectreactor.netty:reactor-netty,0.8.11.RELEASE,8.5.0,1617979764000,2021-04-09
org.apache.skywalking:apm-spring-cloud-gateway-2.1.x-plugin,io.projectreactor.netty:reactor-netty,0.8.11.RELEASE,8.15.0,1680517207000,2023-04-03
org.apache.skywalking:apm-spring-cloud-gateway-2.1.x-plugin,io.projectreactor.netty:reactor-netty,0.8.11.RELEASE,8.6.0,1623074610000,2021-06-07
org.apache.skywalking:apm-spring-cloud-gateway-2.1.x-plugin,io.projectreactor.netty:reactor-netty,0.8.11.RELEASE,8.3.0,1606633938000,2020-11-29
org.apache.skywalking:apm-spring-cloud-gateway-2.1.x-plugin,io.projectreactor.netty:reactor-netty,0.8.11.RELEASE,8.4.0,1612192344000,2021-02-01
org.apache.skywalking:apm-spring-cloud-gateway-2.1.x-plugin,io.projectreactor.netty:reactor-netty,0.8.11.RELEASE,8.2.0,1603531904000,2020-10-24
org.apache.skywalking:apm-spring-cloud-gateway-2.1.x-plugin,io.projectreactor.netty:reactor-netty,0.8.11.RELEASE,8.7.0,1627650698000,2021-07-30
com.alipay.sofa:sofa-ark-springboot-starter,io.projectreactor.netty:reactor-netty,${reactor-netty.version},3.1.8,1731039853763,2024-11-07
com.alipay.sofa:sofa-ark-springboot-starter,io.projectreactor.netty:reactor-netty,${reactor-netty.version},3.0.6,1717561221402,2024-06-04
com.alipay.sofa:sofa-ark-springboot-starter,io.projectreactor.netty:reactor-netty,${reactor-netty.version},3.0.7,1720923118139,2024-07-13
com.alipay.sofa:sofa-ark-springboot-starter,io.projectreactor.netty:reactor-netty,${reactor-netty.version},3.1.4,1717561333464,2024-06-04
com.alipay.sofa:sofa-ark-springboot-starter,io.projectreactor.netty:reactor-netty,${reactor-netty.version},3.1.3,1714982668761,2024-05-06
com.alipay.sofa:sofa-ark-springboot-starter,io.projectreactor.netty:reactor-netty,${reactor-netty.version},3.0.5,1714982571971,2024-05-06
com.alipay.sofa:sofa-ark-springboot-starter,io.projectreactor.netty:reactor-netty,${reactor-netty.version},2.2.10,1714481616969,2024-04-30
com.alipay.sofa:sofa-ark-springboot-starter,io.projectreactor.netty:reactor-netty,${reactor-netty.version},2.2.13,1723435827737,2024-08-11
com.alipay.sofa:sofa-ark-springboot-starter,io.projectreactor.netty:reactor-netty,${reactor-netty.version},3.1.5,1720923164515,2024-07-13
com.alipay.sofa:sofa-ark-springboot-starter,io.projectreactor.netty:reactor-netty,${reactor-netty.version},2.2.15,1730709442234,2024-11-04
com.alipay.sofa:sofa-ark-springboot-starter,io.projectreactor.netty:reactor-netty,${reactor-netty.version},3.1.7,1726211304970,2024-09-13
com.alipay.sofa:sofa-ark-springboot-starter,io.projectreactor.netty:reactor-netty,${reactor-netty.version},3.0.3,1710749314999,2024-03-18
com.alipay.sofa:sofa-ark-springboot-starter,io.projectreactor.netty:reactor-netty,${reactor-netty.version},3.0.4,1712489887706,2024-04-07
com.alipay.sofa:sofa-ark-springboot-starter,io.projectreactor.netty:reactor-netty,${reactor-netty.version},3.1.2,1712489807417,2024-04-07
com.alipay.sofa:sofa-ark-springboot-starter,io.projectreactor.netty:reactor-netty,${reactor-netty.version},3.1.1,1710750952670,2024-03-18
com.alipay.sofa:sofa-ark-springboot-starter,io.projectreactor.netty:reactor-netty,${reactor-netty.version},3.1.6,1723436587248,2024-08-11
com.alipay.sofa:sofa-ark-springboot-starter,io.projectreactor.netty:reactor-netty,${reactor-netty.version},2.2.9,1712489133268,2024-04-07
com.alipay.sofa:sofa-ark-springboot-starter,io.projectreactor.netty:reactor-netty,${reactor-netty.version},2.2.12,1720923069061,2024-07-13
com.alipay.sofa:sofa-ark-springboot-starter,io.projectreactor.netty:reactor-netty,${reactor-netty.version},2.2.14,1726209201789,2024-09-13
org.springframework.credhub:spring-credhub-core,io.projectreactor.netty:reactor-netty,1.0.24,2.3.2,1721816932000,2024-07-24
org.springframework.credhub:spring-credhub-core,io.projectreactor.netty:reactor-netty,1.1.10,3.1.0,1696950246000,2023-10-10
org.springframework.credhub:spring-credhub-core,io.projectreactor.netty:reactor-netty,1.0.19,2.2.1,1710332797000,2024-03-13
org.springframework.credhub:spring-credhub-core,io.projectreactor.netty:reactor-netty,1.1.13,3.0.2,1721817913000,2024-07-24
org.springframework.credhub:spring-credhub-core,io.projectreactor.netty:reactor-netty,1.1.19,3.1.1,1721896905000,2024-07-25
org.springframework.credhub:spring-credhub-core,io.projectreactor.netty:reactor-netty,1.1.2,3.0.0,1675375798000,2023-02-02
io.rsocket:rsocket-transport-netty,io.projectreactor.netty:reactor-netty,0.9.17.RELEASE,1.0.4,1614870940000,2021-03-04
io.rsocket:rsocket-transport-netty,io.projectreactor.netty:reactor-netty,0.9.20.RELEASE,1.0.5,1623227796000,2021-06-09
io.rsocket:rsocket-transport-netty,io.projectreactor.netty:reactor-netty,0.9.11.RELEASE,1.0.2,1597074292000,2020-08-10
io.rsocket:rsocket-transport-netty,io.projectreactor.netty:reactor-netty,0.9.13.RELEASE,1.0.3,1603735918000,2020-10-26
io.rsocket:rsocket-transport-netty,io.projectreactor.netty:reactor-netty,0.9.7.RELEASE,1.0.0,1589278367000,2020-05-12
io.rsocket:rsocket-transport-netty,io.projectreactor.netty:reactor-netty,0.9.0.RELEASE,1.0.0-RC6,1580838349000,2020-02-04
io.rsocket:rsocket-transport-netty,io.projectreactor.netty:reactor-netty,0.9.8.RELEASE,1.0.1,1591641688000,2020-06-08
io.rsocket:rsocket-transport-netty,io.projectreactor.netty:reactor-netty,0.9.0.RELEASE,1.0.0-RC5,1569793887000,2019-09-29
io.rsocket:rsocket-transport-netty,io.projectreactor.netty:reactor-netty,0.9.7.RELEASE,1.0.0-RC7,1588021440000,2020-04-27
com.github.dalet-oss:vfs-azure,io.projectreactor.netty:reactor-netty,1.0.21,4.3.0,1665485133000,2022-10-11
com.github.dalet-oss:vfs-azure,io.projectreactor.netty:reactor-netty,1.0.7,4.2.1,1642755652000,2022-01-21
com.github.dalet-oss:vfs-azure,io.projectreactor.netty:reactor-netty,1.0.21,4.2.2,1660742925000,2022-08-17
com.github.dalet-oss:vfs-azure,io.projectreactor.netty:reactor-netty,1.0.7,4.0.3,1622461724000,2021-05-31
com.github.dalet-oss:vfs-azure,io.projectreactor.netty:reactor-netty,1.0.21,4.4.0,1704444927000,2024-01-05
com.github.dalet-oss:vfs-azure,io.projectreactor.netty:reactor-netty,1.0.7,4.2.0,1639760177000,2021-12-17
com.github.dalet-oss:vfs-azure,io.projectreactor.netty:reactor-netty,0.9.20.RELEASE,4.0.2,1620797901000,2021-05-11
com.github.dalet-oss:vfs-azure,io.projectreactor.netty:reactor-netty,1.0.21,4.3.2,1692343643000,2023-08-18
com.github.dalet-oss:vfs-azure,io.projectreactor.netty:reactor-netty,1.0.21,4.3.1,1692340664000,2023-08-18
org.apache.servicemix.bundles:org.apache.servicemix.bundles.azure-storage-queue,io.projectreactor.netty:reactor-netty,0.9.10.RELEASE,12.6.0_1,1598508058000,2020-08-27
org.apache.servicemix.bundles:org.apache.servicemix.bundles.azure-storage-queue,io.projectreactor.netty:reactor-netty,1.0.6,12.9.1_1,1627103060000,2021-07-23
org.apache.servicemix.bundles:org.apache.servicemix.bundles.azure-storage-queue,io.projectreactor.netty:reactor-netty,0.9.7.RELEASE,12.5.1_1,1591211986000,2020-06-03
org.apache.servicemix.bundles:org.apache.servicemix.bundles.azure-storage-queue,io.projectreactor.netty:reactor-netty,0.9.5.RELEASE,12.5.0_1,1588344401000,2020-05-01
org.apache.servicemix.bundles:org.apache.servicemix.bundles.azure-storage-queue,io.projectreactor.netty:reactor-netty,0.9.12.RELEASE,12.7.0_1,1606547556000,2020-11-28
org.apache.servicemix.bundles:org.apache.servicemix.bundles.azure-storage-queue,io.projectreactor.netty:reactor-netty,1.0.7,12.10.0_1,1624972566000,2021-06-29
org.apache.servicemix.bundles:org.apache.servicemix.bundles.azure-storage-queue,io.projectreactor.netty:reactor-netty,0.9.15.RELEASE,12.8.0_1,1612194538000,2021-02-01
